1;Szent-Györgyi Albert;1928. szeptember 26.;A szegedi egyetem új vegytanára;http://digit.bibl.u-szeged.hu/00000/00099/01928/00217/dm_1928_217_002.pdf;Szeged;20,1486016;46,2546312;20-as évek
2;Szent-Györgyi Albert;1930. november 14.;Csütörtökön délután különös incidens játszódott le az egyetem Kálvária téri épületében;http://digit.bibl.u-szeged.hu/00000/00099/01930/00259/dm_1930_257_003.pdf;Szeged;20,1486016;46,2546312;30-as évek
3;Szent-Györgyi Albert;1931. február 4.;Szabadegyetemi elõadás;http://digit.bibl.u-szeged.hu/00000/00099/01931/00027/dm_1931_027_005.pdf;Szeged;20,1486016;46,2546312;30-as évek
4;Szent-Györgyi Albert;1931. március 10.;Szegedi egyetemi tanár nagyjelentõségû felfedezése;http://digit.bibl.u-szeged.hu/00000/00099/01931/00056/dm_1931_056_003.pdf;Szeged;20,1486016;46,2546312;30-as évek
5;Szent-Györgyi Albert;1931.október 20.;A BBTE atlétái a KEAC versenyén;http://digit.bibl.u-szeged.hu/00000/00099/01931/00238/dm_1931_238_006.pdf;Szeged;20,1486016;46,2546312;30-as évek
6;Szent-Györgyi Albert;1932.március 18.;Érdekes orvosi elõadások az Egyetembarátok Egyesületében: Szentgyörgyi professzor újabb kutatásai;http://digit.bibl.u-szeged.hu/00000/00099/01932/00063/dm_1932_063_003.pdf;Szeged;20,1486016;46,2546312;30-as évek
7;Szent-Györgyi Albert;1932. május 8.;35 egyetemi állás megszüntetése ellen memorandumban fordultak a kormányhoz és az országgyûlés tagjaihoz : megalakult a szegedi tanársegédi kamara;http://digit.bibl.u-szeged.hu/00000/00099/01932/00105/dm_1932_105_005.pdf;Szeged;20,1486016;46,2546312;30-as évek
8;Szent-Györgyi Albert;1932.november 4.;Elõadás a vitaminokról : [rövid hír];http://digit.bibl.u-szeged.hu/00000/00099/01932/00247/dm_1932_251_006.pdf;Szeged;20,1486016;46,2546312;30-as évek
9;Szent-Györgyi Albert;1932. december 17.;Szentgyörgyi professzor kitüntetése : [rövid hír];http://digit.bibl.u-szeged.hu/00000/00099/01932/00283/dm_1932_287_003.pdf;Budapest;19,0404707;47,4983815;30-as évek
10;Szent-Györgyi Albert;1933. február 5.;Szabadegyetemi elõadás : [rövid hír];http://digit.bibl.u-szeged.hu/00000/00099/01933/00029/dm_1933_029_010.pdf;Szeged;20,1486016;46,2546312;30-as évek
11;Szent-Györgyi Albert;1933. február 9.;Az élet a kémikus szemével: Szent-Györgyi Albert elõadása;http://digit.bibl.u-szeged.hu/00000/00099/01933/00032/dm_1933_032_003.pdf;Szeged;20,1486016;46,2546312;30-as évek
12;Szent-Györgyi Albert;1933. március 28.;Dr. Szentgyörgyi Albert professzor Stockholmba utazott : Európai elõadókörúton ismerteti a paprikából elõállított C-vitamin kérdését;http://digit.bibl.u-szeged.hu/00000/00099/01933/00070/dm_1933_070_002.pdf;Stockholm;18,0710935;59,3251172;30-as évek
13;Szent-Györgyi Albert;1933. április 12.;Szent-Györgyi professzor elõadása Stockholmban;http://digit.bibl.u-szeged.hu/00000/00099/01933/00083/dm_1933_083_005.pdf;Stockholm;18,0710935;59,3251172;30-as évek
14;Szent-Györgyi Albert;1933. május 9.;Szent-Györgyi professzor visszaérkezett európai elõadókörútjáról : [rövid hír];http://digit.bibl.u-szeged.hu/00000/00099/01933/00104/dm_1933_104_005.pdf;Budapest;19,0404707;47,4983815;30-as évek
15;Szent-Györgyi Albert;1933. május 13.;Szentgyörgyi Albert professzort elõadónak hívták meg a tátrai nemzetközi orvosi továbbképzõ tanfolyamra;http://digit.bibl.u-szeged.hu/00000/00099/01933/00108/dm_1933_108_005.pdf;Tátraszéplak;20,1864306;49,1233184;30-as évek
16;Szent-Györgyi Albert;1933. május 24.;Kísérletek a C - vitaminnal a szegedi gyermekklinikán;http://digit.bibl.u-szeged.hu/00000/00099/01933/00117/dm_1933_117.pdf#page=2;Szeged;20,1486016;46,2546312;30-as évek
17;Szent-Györgyi Albert;1933. június 4.;Nagyjelentõségû tudományos elõadások az Élettani Társaság háromnapos szegedi vándorgyûlésén;http://digit.bibl.u-szeged.hu/00000/00099/01933/00126/dm_1933_126_011.pdf;Szeged;20,1486016;46,2546312;30-as évek
18;Szent-Györgyi Albert;1933. június 8.;"Szentgyörgyi professzor elõadása a C-vitaminról : Kétezer kiló szegedi panrikából fél kiló tiszta vitamin - „A C-vitaminnal az amúgy is hires magyar paprika hírneve nagyon megnövekedett""";http://digit.bibl.u-szeged.hu/00000/00099/01933/00128/dm_1933_128_003.pdf;Szeged;20,1486016;46,2546312;30-as évek
19;Szent-Györgyi Albert;1933. június 8.;Szentgyörgyi professzor rádióelõadása a C-vitaminról;http://digit.bibl.u-szeged.hu/00000/00099/01933/00128/dm_1933_128_003.pdf;Szeged;20,1486016;46,2546312;30-as évek
20;Szent-Györgyi Albert;1933. augusztus 19.;A kultuszminiszter megerõsítette a szegedi egyetem új tanácsát : [rövid hír];http://digit.bibl.u-szeged.hu/00000/00099/01933/00186/dm_1933_187_008.pdf;Szeged;20,1486016;46,2546312;30-as évek
21;Szent-Györgyi Albert;1933. szeptember 26.;Egy hold kísérleti föld Szent-Györgyi professzornak : [rövid hír];http://digit.bibl.u-szeged.hu/00000/00099/01933/00217/dm_1933_218_006.pdf;Szeged;20,1486016;46,2546312;30-as évek
22;Szent-Györgyi Albert;1933. szeptember 29.;Szily államtitkár tárgyalásai az egyetemi redukciókról;http://digit.bibl.u-szeged.hu/00000/00099/01933/00220/dm_1933_221_003.pdf;Szeged;20,1486016;46,2546312;30-as évek
23;Szent-Györgyi Albert;1933. október 25.;Szentgyörgyi Albert professzor feltûnõ nyilatkozata;http://digit.bibl.u-szeged.hu/00000/00099/01933/00242/dm_1933_243_003.pdf;Szeged;20,1486016;46,2546312;30-as évek
24;Szent-Györgyi Albert;1933. október 25.;Az orvosi fakultás segédtanszemélyzete is tiltakozott kedden délelõtt az egyetem megcsonkítása ellen;http://digit.bibl.u-szeged.hu/00000/00099/01933/00242/dm_1933_243_007.pdf;Szeged;20,1486016;46,2546312;30-as évek
25;Szent-Györgyi Albert;1933. október 28.;Szeged az egész magyar társadalom védelmébe helyezte egyetemét;http://digit.bibl.u-szeged.hu/00000/00099/01933/00245/dm_1933_246_003.pdf;Szeged;20,1486016;46,2546312;30-as évek
26;Szent-Györgyi Albert;1933. november 10.;Dr. Szentgyörgyi Albert népszerû elõadása a C-vitaminról;http://digit.bibl.u-szeged.hu/00000/00099/01933/00254/dm_1933_255_006.pdf;Szeged;20,1486016;46,2546312;30-as évek
27;Szent-Györgyi Albert;1933. november 12.;Szent-Györgyi professzor elõadása;http://digit.bibl.u-szeged.hu/00000/00099/01933/00256/dm_1933_257.pdf#page=11;Szeged;20,1486016;46,2546312;30-as évek
28;Szent-Györgyi Albert;1933. november 17.;Külföldön a C-vitamin divatba hozta a paprikát : Dr. Szentgyörgyi Albert professzor elõadása az Utazók Klubjában;http://digit.bibl.u-szeged.hu/00000/00099/01933/00260/dm_1933_261_003.pdf;Szeged;20,1486016;46,2546312;30-as évek
29;Szent-Györgyi Albert;1933. november 26.;Diftériagyógyítás - C-vitaminnal : Nagyjelentõségû kísérletek Jeney professzor intézetében;http://digit.bibl.u-szeged.hu/00000/00099/01933/00268/dm_1933_269_003.pdf;Szeged;20,1486016;46,2546312;30-as évek
30;Szent-Györgyi Albert;1934. február 27.;Közgyûlés az atlétikai szövetségben : [rövid hír];http://digit.bibl.u-szeged.hu/00000/00099/01934/00045/dm_1934_046_010.pdf;Szeged;20,1486016;46,2546312;30-as évek
31;Szent-Györgyi Albert;1934. március 10.;Egészségtani elõadás : [rövid hír];http://digit.bibl.u-szeged.hu/00000/00099/01934/00055/dm_1934_056_007.pdf;Szeged;20,1486016;46,2546312;30-as évek
32;Szent-Györgyi Albert;1934. március 11.;Az anyaszeretet és a mirigyek : dr. Szentgyörgyi Albert egyetemi tanár érdekes elõadása az egyetemen;http://digit.bibl.u-szeged.hu/00000/00099/01934/00056/dm_1934_057_005.pdf;Szeged;20,1486016;46,2546312;30-as évek
33;Szent-Györgyi Albert;1934. március 24.;A C-vitamin elõállítása: közkincs : Szent-Györgyi professzor elõadása Budapesten a Természettudományi Társaságban;http://digit.bibl.u-szeged.hu/00000/00099/01934/00066/dm_1934_067_002.pdf;Budapest;19,0404707;47,4983815;30-as évek
34;Szent-Györgyi Albert;1934. március 25.;Szent-Györgyi professzor elõadása Belgrádban;http://digit.bibl.u-szeged.hu/00000/00099/01934/00067/dm_1934_068_003.pdf;Belgrád;20,4568089;44,8178787;30-as évek
35;Szent-Györgyi Albert;1934. március 28.;Szent-Györgyi professzor ünnepeltetése Belgrádban : meleg szerb-magyar barátkozás a C-vitamin lobogója alatt;http://digit.bibl.u-szeged.hu/00000/00099/01934/00069/dm_1934_070_005.pdf;Belgrád;20,4568089;44,8178787;30-as évek
36;Szent-Györgyi Albert;1934. május 23.;Érdekes elõadások a Rotary klubok szegedi kongresszusán;http://digit.bibl.u-szeged.hu/00000/00099/01934/00113/dm_1934_115_004.pdf;Szeged;20,1486016;46,2546312;30-as évek
37;Szent-Györgyi Albert;1934. május 29.;A szegedi egyetem új rektora és dékánjai : [rövid hír];http://digit.bibl.u-szeged.hu/00000/00099/01934/00118/dm_1934_120_006.pdf;Szeged;20,1486016;46,2546312;30-as évek
38;Szent-Györgyi Albert;1934. június 7.;Szent-Györgyi professzor a Népszövetség megbízásából a londoni vitaminkongresszusra utazott;http://digit.bibl.u-szeged.hu/00000/00099/01934/00125/dm_1934_128_005.pdf;London;-0,1276474;51,5073219;30-as évek
;Szent-Györgyi Albert;1934. július 12. ;Szent-Györgyi professzor a londoni vitamin kongresszusról : az értekezlet teljes egészében elfogadta a professzor C-vitamin vizsgálatainak eredményeit;http://digit.bibl.u-szeged.hu/00000/00099/01934/00153/dm_1934_155_003.pdf;London;-0,1276474;51,5073219;30-as évek
39;Szent-Györgyi Albert;1934. július 13. ;Egy húszezred gramm : a C-vitamin egysége;http://digit.bibl.u-szeged.hu/00000/00099/01934/00154/dm_1934_156_003.pdf;Szeged;20,1486016;46,2546312;30-as évek
40;Szent-Györgyi Albert;1934. július 18.;A népmûvelési bizottság új kinevezett tagjai [Röv. hír.] : [rövid hír];http://digit.bibl.u-szeged.hu/00000/00099/01934/00158/dm_1934_160_006.pdf;Szeged;20,1486016;46,2546312;30-as évek
41;Szent-Györgyi Albert;1934. október 18.;Raul Anthony;a világhírû párisi tudós Szegeden;http://digit.bibl.u-szeged.hu/00000/00099/01934/00233/page/3.jpeg;Szeged;20,1486016;46,2546312;30-as évek
42;Szent-Györgyi Albert;1934. december 18.;Hírek Szent-Györgyi és Issekutz professzorok távozásáról;http://digit.bibl.u-szeged.hu/00000/00099/01934/00283/dm_1934_285_003.pdf;Szeged;20,1486016;46,2546312;30-as évek
43;Szent-Györgyi Albert;1935. január 15.;Szent-Györgyi professzort a jugoszláv Orvos Egylet dísztagjává választotta : [rövid hír];http://digit.bibl.u-szeged.hu/00000/00099/01935/00012/dm_1935_012_005.pdf;Belgrád;20,4568089;44,8178787;30-as évek
44;Szent-Györgyi Albert;1935. január 29.;Szent-Györgyi professzor elutazott amerikai felolvasó útjára : [rövid hír];http://digit.bibl.u-szeged.hu/00000/00099/01935/00024/dm_1935_024_005.pdf;Boston;-71,1219945;42,3662654;30-as évek
45;Szent-Györgyi Albert;1935. május 15.;Szegedi professzorok a Tudományos Akadémiában;http://digit.bibl.u-szeged.hu/00000/00099/01935/00110/dm_1935_108_002.pdf;Budapest;19,0404707;47,4983815;30-as évek
46;Szent-Györgyi Albert;1935. május 17.;Orvosi továbbképzõ tanfolyam Szegeden : [rövid hír];http://digit.bibl.u-szeged.hu/00000/00099/01935/00112/dm_1935_110_005.pdf;Szeged;20,1486016;46,2546312;30-as évek
47;Szent-Györgyi Albert;1935. május 26.;Szegedi orvosok elõadása az orvosi nagyhéten : [rövid hír];http://digit.bibl.u-szeged.hu/00000/00099/01935/00120/dm_1935_118_015.pdf;Szeged;20,1486016;46,2546312;30-as évek
48;Szent-Györgyi Albert;1935. május 28.;Szent Györgyi professzor elõadása az orvosi nagyhéten : [rövid hír];http://digit.bibl.u-szeged.hu/00000/00099/01935/00121/dm_1935_119_005.pdf;Szeged;20,1486016;46,2546312;30-as évek
49;Szent-Györgyi Albert;1935. december 25.;Felderítõ kirándulás a szegedi egyetem boszorkánykonyháiban;http://digit.bibl.u-szeged.hu/00000/00099/01935/00291/dm_1935_289_013.pdf;Szeged;20,1486016;46,2546312;30-as évek
50;Szent-Györgyi Albert;1935. december 25.;Megbénult építkezés;http://digit.bibl.u-szeged.hu/00000/00099/01935/00291/page/28.jpeg;Szeged;20,1486016;46,2546312;30-as évek
51;Szent-Györgyi Albert;1936. február 5.;A gyermek fejlõdése és tápláléka: elõadás;http://digit.bibl.u-szeged.hu/00000/00099/01936/00029/dm_1936_031_005.pdf;Szeged;20,1486016;46,2546312;30-as évek
52;Szent-Györgyi Albert;1936. szeptember 4.;Szent-Györgyi professzor elõadása Luzernben : [rövid hírek];http://digit.bibl.u-szeged.hu/00000/00099/01936/00202/dm_1936_209_005.pdf;Luzern;8,3054682;47,0505452;30-as évek
53;Szent-Györgyi Albert;1936. szeptember 19.;Hogyan állították elõ szegedi paprikából a szegedi egyetemen az új vitamint;http://digit.bibl.u-szeged.hu/00000/00099/01936/00214/dm_1936_221_005.pdf;Szeged;20,1486016;46,2546312;30-as évek
54;Szent-Györgyi Albert;1936. október 22.;Szent Györgyi és Rusznyák professzor elõadása a P-vitaminról;http://digit.bibl.u-szeged.hu/00000/00099/01936/00242/dm_1936_250_005.pdf;Szeged;20,1486016;46,2546312;30-as évek
55;Szent-Györgyi Albert;1936. november 5.;"A vitamin szerepe a terápiában sokkal nagyobb lesz;mint gondolhattuk volna""";http://digit.bibl.u-szeged.hu/00000/00099/01936/00253/dm_1936_261_005.pdf;Szeged;20,1486016;46,2546312;30-as évek
56;Szent-Györgyi Albert;1936. november 20.;Tudományos ülést tart Szegeden a belgrádi egyetem orvoskari dékánja;http://digit.bibl.u-szeged.hu/00000/00099/01936/00266/dm_1936_274_003.pdf;Szeged;20,1486016;46,2546312;30-as évek
57;Szent-Györgyi Albert;1936. november 24.;Hollandiába hívták meg SzentGyörgyi professzort : tovább folynak a kísérletek a szegedi egyetemen a vitaminokkal;http://digit.bibl.u-szeged.hu/00000/00099/01936/00269/dm_1936_277_005.pdf;Szeged;20,1486016;46,2546312;30-as évek
58;Szent-Györgyi Albert;1936. november 28.;SzentGyörgyi professzor kinevezése : [rövid hírek];http://digit.bibl.u-szeged.hu/00000/00099/01936/00273/dm_1936_281_006.pdf;Budapest;19,0404707;47,4983815;30-as évek
59;Szent-Györgyi Albert;1937. február 7.;Szent Györgyi Albert professzor Korvin-koszorús kitüntetése : [rövid hír];http://digit.bibl.u-szeged.hu/00000/00099/01937/00030/dm_1937_030_002.pdf;Budapest;19,0404707;47,4983815;30-as évek
60;Szent-Györgyi Albert;1937. február 17.;Elõadások : [rövid hír];http://digit.bibl.u-szeged.hu/00000/00099/01937/00038/dm_1937_038_007.pdf;Szeged;20,1486016;46,2546312;30-as évek
61;Szent-Györgyi Albert;1937. február 18.;Érdekes elõadások az egyetem természettudományi szakosztályában;http://digit.bibl.u-szeged.hu/00000/00099/01937/00039/dm_1937_039_006.pdf;Szeged;20,1486016;46,2546312;30-as évek
62;Szent-Györgyi Albert;1937. március 31.;Szent Györgyi professzor a római Volta-kongresszuson : [rövid hír];http://digit.bibl.u-szeged.hu/00000/00099/01937/00071/dm_1937_071_007.pdf;Róma;12,47311;41,8988173;30-as évek
63;Szent-Györgyi Albert;1937. május 30.;Az Élettani Társaság vándorgyûlése a szegedi egyetem orvosvegytani intézetében : [rövid hír];http://digit.bibl.u-szeged.hu/00000/00099/01937/00120/dm_1937_120_004.pdf;Szeged;20,1486016;46,2546312;30-as évek
64;Szent-Györgyi Albert;1937. október 29.;Nobel-díjat nyert Szentgyörgyi Albert;a C-vitamin világhírû felfedezõje;http://digit.bibl.u-szeged.hu/00000/00099/01937/00246/dm_1937_247_001.pdf;Stockholm;18,0710935;59,3251172;30-as évek
65;Szent-Györgyi Albert;1937. október 30.;Szent-Györgyi Albert;http://digit.bibl.u-szeged.hu/00000/00099/01937/00247/dm_1937_248_001.pdf;Stockholm;18,0710935;59,3251172;30-as évek
66;Szent-Györgyi Albert;1937. október 30.;A város;az egyetem;a társadalom lelkesen ünnepli a Nobel-díjas szegedi professzort : a város díszpolgárává;az egyetem díszdoktorává avatja Szent-Györgyi Albertet : emlékérem és szegedi otthon köszönti a magyar tudományosság diadalát;http://digit.bibl.u-szeged.hu/00000/00099/01937/00247/dm_1937_248_003.pdf;Szeged;20,1486016;46,2546312;30-as évek
67;Szent-Györgyi Albert;1937. október 31.;"""A Nobel-díj Klebelsberg Kuno kultúrmunkájának igazolását jelenti..."" : Szent-Györgyi professzort ünnepelte szombaton a törvényhatóság kisgyûlése és az egyetem doktoravató ülése";http://digit.bibl.u-szeged.hu/00000/00099/01937/00248/dm_1937_249_003.pdf;Szeged;20,1486016;46,2546312;30-as évek
68;Szent-Györgyi Albert;1938. október 31.;A Nobel-díj és magyar nyertesei;http://digit.bibl.u-szeged.hu/00000/00099/01937/00248/dm_1937_249_005.pdf;Szeged;20,1486016;46,2546312;30-as évek
69;Szent-Györgyi Albert;1937. november 3.;Szent-Gyõrgyi Albert szegedi díszpolgársága : elõkészületek a rendkívüli díszközgyûlésre;http://digit.bibl.u-szeged.hu/00000/00099/01937/00249/dm_1937_250_003.pdf;Szeged;20,1486016;46,2546312;30-as évek
70;Szent-Györgyi Albert;1937. november 4.;A szegedi protestáns társadalom köszönti Szent -Györgyi Albertet;http://digit.bibl.u-szeged.hu/00000/00099/01937/00249/page/6.jpeg;Szeged;20,1486016;46,2546312;30-as évek
71;Szent-Györgyi Albert;1937. november 4.;Szent-Györgyi professzort november közepén választja a törvényhatóság díszközgyûlése Szeged díszpolgárává : a Nobel-díjas professzor látogatása a városházán;http://digit.bibl.u-szeged.hu/00000/00099/01937/00250/dm_1937_251_003.pdf;Szeged;20,1486016;46,2546312;30-as évek
72;Szent-Györgyi Albert;1937. november 5.;Szent-Györgyi hajléka;http://digit.bibl.u-szeged.hu/00000/00099/01937/00251/page/1.jpeg;Szeged;20,1486016;46,2546312;30-as évek
73;Szent-Györgyi Albert;1937. november 5.;Szent -Györgyi Albertet háromnegyedórás kihallgatáson fogadta a kormányzó;http://digit.bibl.u-szeged.hu/00000/00099/01937/00251/page/3.jpeg;Budapest;19,0404707;47,4983815;30-as évek
74;Szent-Györgyi Albert;1937. november 7.;"""Szentül hiszem;hogy a béke gondolatának elõbb-utóbb gyõznie kell"" : Szent-Györgyi professzor szombat esti rádióbeszéde";http://digit.bibl.u-szeged.hu/00000/00099/01937/00253/dm_1937_254_003.pdf;Budapest;19,0404707;47,4983815;30-as évek
75;Szent-Györgyi Albert;1937. november 9.;Virágokkal köszöntötték a medikusok Szent-Györgyi professzort;aki a Nobel-díj odaitésése után hétfõn délután tartotta elsõ egyetemi elõadását : a professzor elhárította a diákok ünneplését ;http://digit.bibl.u-szeged.hu/00000/00099/01937/00254/dm_1937_255_003.pdf;Szeged;20,1486016;46,2546312;30-as évek
76;Szent-Györgyi Albert;1937. november 10.;A sok kenyérkeresõ doktor között ma lámpával kell keresni a régi veretû;igazi doktorokat;http://digit.bibl.u-szeged.hu/00000/00099/01937/00255/page/3.jpeg;Szeged;20,1486016;46,2546312;30-as évek
77;Szent-Györgyi Albert;1937. november 11.;A megyék üdvözlik Szent-Györgyi professzort : [rövid hír];http://digit.bibl.u-szeged.hu/00000/00099/01937/00256/dm_1937_257_002.pdf;Gyõr;17,6346815;47,687609;30-as évek
79;Szent-Györgyi Albert;1937. november 12.;A szegedi paprika az idén két Nóbel díj kiosztásában játszott fontos szerepet;http://digit.bibl.u-szeged.hu/00000/00099/01937/00257/dm_1937_258_002.pdf;Szeged;20,1486016;46,2546312;30-as évek
80;Szent-Györgyi Albert;1937. november 12.;Szent-Györgyi professzor a kémiai Nobel-díj nyerteseirõl;http://digit.bibl.u-szeged.hu/00000/00099/01937/00257/dm_1937_258_002.pdf;Szeged;20,1486016;46,2546312;30-as évek
81;Szent-Györgyi Albert;1937. november 13.;6000 szegedi paprikatermelõ közül 4500-an egy holdon;vagy ennél kisebb területen termelnek paprikát : 1544-en foglalkoznak paprikakészítéssel;http://digit.bibl.u-szeged.hu/00000/00099/01937/00258/dm_1937_259_006.pdf;Szeged;20,1486016;46,2546312;30-as évek
82;Szent-Györgyi Albert;1937. november 14.;Három közgyûlést tart a törvényhatósági bizottság;http://digit.bibl.u-szeged.hu/00000/00099/01937/00259/page/3.jpeg;Szeged;20,1486016;46,2546312;30-as évek
83;Szent-Györgyi Albert;1937. november 17.;Dr. Szent-Györgyi Albert ünneplése : [rövid hír];http://digit.bibl.u-szeged.hu/00000/00099/01937/00261/dm_1937_262_007.pdf;Szeged;20,1486016;46,2546312;30-as évek
84;Szent-Györgyi Albert;1937. november 21.;Szeged közgyûlése december 1-jén avatja díszpolgárrá Szent-Györgyi Albertet;http://digit.bibl.u-szeged.hu/00000/00099/01937/00265/dm_1937_266_003.pdf;Szeged;20,1486016;46,2546312;30-as évek
85;Szent-Györgyi Albert;1937. november 21.;Vasárnapi konferánsz;http://digit.bibl.u-szeged.hu/00000/00099/01937/00265/page/7.jpeg;Szeged;20,1486016;46,2546312;30-as évek
86;Szent-Györgyi Albert;1937. november 24.;Szent-Györgyi professzor a kisdedóvás jelentõségérõl : [rövid hír];http://digit.bibl.u-szeged.hu/00000/00099/01937/00267/dm_1937_268_006.pdf;Szeged;20,1486016;46,2546312;30-as évek
87;Szent-Györgyi Albert;1937. november 25.;Szent-Györgyi professzor szegedi háza;http://digit.bibl.u-szeged.hu/00000/00099/01937/00268/page/3.jpeg;Szeged;20,1486016;46,2546312;30-as évek
88;Szent-Györgyi Albert;1937. november 26.;Mohácsi Jenõ rádióelõadása Szent-Györgyi professzorról;http://digit.bibl.u-szeged.hu/00000/00099/01937/00269/dm_1937_270_003.pdf;Szeged;20,1486016;46,2546312;30-as évek
89;Szent-Györgyi Albert;1937. november 26.;Szeged képviselõi Hóman és Fabinyi minisztereknél : Szent-Györgyi professzor szegedi otthona;a szabadtéri játékok és a város gazdasági problémái;http://digit.bibl.u-szeged.hu/00000/00099/01937/00269/dm_1937_270_003.pdf;Szeged;20,1486016;46,2546312;30-as évek
90;Szent-Györgyi Albert;1937. november 28.;Szent-Györgyi professzor elõadása a Természettudományi Társulatban : [rövid hír];http://digit.bibl.u-szeged.hu/00000/00099/01937/00271/dm_1937_272_002.pdf;Budapest;19,0404707;47,4983815;30-as évek
91;Szent-Györgyi Albert;1937. november 30.;Szerdán délben avatja a törvényhatóság Szeged díszpolgárává Szent-Györgyi Albertet : [Szent-Györgyi professzor ünneplése az Akadémián];http://digit.bibl.u-szeged.hu/00000/00099/01937/00272/dm_1937_273_003.pdf;Szeged;20,1486016;46,2546312;30-as évek
92;Szent-Györgyi Albert;1937. december 1.;Az új díszpolgár;http://digit.bibl.u-szeged.hu/00000/00099/01937/00273/page/1.jpeg;Szeged;20,1486016;46,2546312;30-as évek
93;Szent-Györgyi Albert;1937. december 1.;A törvényhatóság ma déli Szent-Györgyi díszközgyûlése;http://digit.bibl.u-szeged.hu/00000/00099/01937/00273/dm_1937_274_003.pdf;Szeged;20,1486016;46,2546312;30-as évek
94;Szent-Györgyi Albert;1937. december 2.;Szeged parlamentje feledhetetlen;bensõséges ünnepen avatta díszpolgárrá Szent-Györgyi Albertet;http://digit.bibl.u-szeged.hu/00000/00099/01937/00274/dm_1937_275_003.pdf;Szeged;20,1486016;46,2546312;30-as évek
95;Szent-Györgyi Albert;1937. december 3.;Szeged 16 díszpolgára Oltványi préposttól Szent - Györgyi Albertig;http://digit.bibl.u-szeged.hu/00000/00099/01937/00275/page/3.jpeg;Szeged;20,1486016;46,2546312;30-as évek
96;Szent-Györgyi Albert;1937. december 3.;Szent-Györgyi Albert ünneplése a Rockefeller-Bizottságban : [rövid hír];http://digit.bibl.u-szeged.hu/00000/00099/01937/00275/dm_1937_276_005.pdf;Szeged;20,1486016;46,2546312;30-as évek
97;Szent-Györgyi Albert;1937. december 4.;A humanizmus és az uszítás;http://digit.bibl.u-szeged.hu/00000/00099/01937/00276/page/1.jpeg;Szeged;20,1486016;46,2546312;30-as évek
98;Szent-Györgyi Albert;1938. december 4.;Ma utazik Stockholmba Szent-Györgyi professzor;http://digit.bibl.u-szeged.hu/00000/00099/01937/00276/dm_1937_277_003.pdf;Stockholm;18,0710935;59,3251172;30-as évek
99;Szent-Györgyi Albert;1939. december 5.;A rektor köszönõ levele ;http://digit.bibl.u-szeged.hu/00000/00099/01937/00277/page/12.jpeg;Szeged;20,1486016;46,2546312;30-as évek
100;Szent-Györgyi Albert;1937. december 11.;A svéd király a Rákóczi-induló hangjai mellett adta át Szent-Györgyi Albertnek az elsõ magyar Nobel-díj aranyérmét : a szegedi egyetem tudós tanárának nemzetközi dicsõsége a stockholmi akadémia pénteki ünnepén;http://digit.bibl.u-szeged.hu/00000/00099/01937/00281/dm_1937_282_003.pdf;Stockholm;18,0710935;59,3251172;30-as évek
101;Szent-Györgyi Albert;1938. december 12.;Szent-Györgyi Albert a svéd király estebédjén;http://digit.bibl.u-szeged.hu/00000/00099/01937/00282/page/3.jpeg;Stockholm;18,0710935;59,3251172;30-as évek
102;Szent-Györgyi Albert;1939. december 14.;Az emberiség békéjérõl és a svéd-magyar barátságról beszélt Stockholmban Szent-Györgyi professzor;http://digit.bibl.u-szeged.hu/00000/00099/01937/00283/dm_1937_284_003.pdf;Stockholm;18,0710935;59,3251172;30-as évek
103;Szent-Györgyi Albert;1937. december 15.;Szent-Györgyi Albert ünneplése Göteborgban;http://digit.bibl.u-szeged.hu/00000/00099/01937/00284/page/4.jpeg;Göteborg;11,9670171;57,7072326;30-as évek
104;Szent-Györgyi Albert;1937. december 17.;A stockholmi magyarok gratulálnak Szegednek;http://digit.bibl.u-szeged.hu/00000/00099/01937/00286/page/4.jpeg;Stockholm;18,0710935;59,3251172;30-as évek
105;Szent-Györgyi Albert;1937. december 23.;Miskolc köszönti Szent-Györgyi Albertet;http://digit.bibl.u-szeged.hu/00000/00099/01937/00291/page/2.jpeg;Miskolc;20,7902158;48,1031517;30-as évek
106;Szent-Györgyi Albert;1937. december 25.;Karácsony: tudós üzenete;http://digit.bibl.u-szeged.hu/00000/00099/01937/00293/page/8.jpeg;Szeged;20,1486016;46,2546312;30-as évek
107;Szent-Györgyi Albert;1937. december 25.;Szent-Györgyi Albertrõl dolgozatot írt a IV.elemi;http://digit.bibl.u-szeged.hu/00000/00099/01937/00293/page/10.jpeg;Szeged;20,1486016;46,2546312;30-as évek
108;Szent-Györgyi Albert;1938. január 4.;Szent-Györgyi professzor Svájcban pihen és január végén tér vissza Szegedre;http://digit.bibl.u-szeged.hu/00000/00099/01938/00002/dm_1938_002_003.pdf;Beaufort;7,2484362;45,9458381;30-as évek
109;Szent-Györgyi Albert;1938. január 11.;díszelõadás dr Szent-Györgyi Albert tiszteletére;http://digit.bibl.u-szeged.hu/00000/00099/01938/00007/page/8.jpeg;Szeged;20,1486016;46,2546312;30-as évek
110;Szent-Györgyi Albert;1938. január 12.;Szeged Városi Színház díszelõadás;http://digit.bibl.u-szeged.hu/00000/00099/01938/00008/page/4.jpeg;Szeged;20,1486016;46,2546312;30-as évek
111;Szent-Györgyi Albert;1938. január 13.;Elkészült az egyetem Szent-Györgyi emlékplakettje;http://digit.bibl.u-szeged.hu/00000/00099/01938/00009/dm_1938_009_003.pdf;Szeged;20,1486016;46,2546312;30-as évek
112;Szent-Györgyi Albert;1938. január 16.;Szent-Györgyi Albert elõadása : [rövid hír];http://digit.bibl.u-szeged.hu/00000/00099/01938/00012/dm_1938_012_011.pdf;Szeged;20,1486016;46,2546312;30-as évek
113;Szent-Györgyi Albert;1938. január 16.;Szent-Györgyi Albert vitamin-találmányáért: 200 pengõ : [rövid hír];http://digit.bibl.u-szeged.hu/00000/00099/01938/00012/dm_1938_012_013.pdf;Budapest;19,0404707;47,4983815;30-as évek
114;Szent-Györgyi Albert;1938. január 18.;Elõadások : [rövid hír];http://digit.bibl.u-szeged.hu/00000/00099/01938/00013/page/7.jpeg;Szeged;20,1486016;46,2546312;30-as évek
115;Szent-Györgyi Albert;1938. január 20.;Szent-Györgyi Albert elõadása;http://digit.bibl.u-szeged.hu/00000/00099/01938/00015/page/7.jpeg;Szeged;20,1486016;46,2546312;30-as évek
116;Szent-Györgyi Albert;1938. január 21.;Elõadások : [rövid hír];http://digit.bibl.u-szeged.hu/00000/00099/01938/00016/page/5.jpeg;Szeged;20,1486016;46,2546312;30-as évek
117;Szent-Györgyi Albert;1938. január 22.;Szent-Györgyi professzor nagy hatású elõadása a Nobel-díjas ünnepségekrõl;http://digit.bibl.u-szeged.hu/00000/00099/01938/00017/dm_1938_017_003.pdf;Szeged;20,1486016;46,2546312;30-as évek
118;Szent-Györgyi Albert;1938. január 26.;A szabadtéri játékok karmester-afférje : Szent-györgyi professzor vezetésével kedden küldöttség járt a polgármesternél;http://digit.bibl.u-szeged.hu/00000/00099/01938/00020/dm_1938_020_005.pdf;Szeged;20,1486016;46,2546312;30-as évek
119;Szent-Györgyi Albert;1938. január 28.;A szabadtéri karmester-affér : a budapesti Operaház tagjai elégtételt kérnek Rubány Vilmosnak;http://digit.bibl.u-szeged.hu/00000/00099/01938/00022/dm_1938_022_004.pdf;Szeged;20,1486016;46,2546312;30-as évek
120;Szent-Györgyi Albert;1938. február 2.;Szent Imre - bál;http://digit.bibl.u-szeged.hu/00000/00099/01938/00026/page/10.jpeg;Szeged;20,1486016;46,2546312;30-as évek
121;Szent-Györgyi Albert;1938. február 5.;Szent-Györgyi Albert az ösztöndíjtanács tagja : [rövid hír];http://digit.bibl.u-szeged.hu/00000/00099/01938/00028/dm_1938_027_002.pdf;Szeged;20,1486016;46,2546312;30-as évek
122;Szent-Györgyi Albert;1938. február 27.;Dr Kellner Dániel: Nóbel - díjas orvosok;http://digit.bibl.u-szeged.hu/00000/00099/01938/00047/page/14.jpeg;Szeged;20,1486016;46,2546312;30-as évek
123;Szent-Györgyi Albert;1938. március 12.;Helyszíni rádióközvetítés a szegedi paprikáról;http://digit.bibl.u-szeged.hu/00000/00099/01938/00058/page/10.jpeg;Szeged;20,1486016;46,2546312;30-as évek
124;Szent-Györgyi Albert;1938. március 17.;A paprika a rádióban : szerdán délután helyszíni közvetítés készült a paprikakísérleti állomásról;http://digit.bibl.u-szeged.hu/00000/00099/01938/00061/dm_1938_060_002.pdf;Szeged;20,1486016;46,2546312;30-as évek
125;Szent-Györgyi Albert;1938. március 18.;Szent-Györgyi professzor elõadásai a liegei egyetemen;http://digit.bibl.u-szeged.hu/00000/00099/01938/00062/page/3.jpeg;Liege;5,5734203;50,6451381;30-as évek
126;Szent-Györgyi Albert;1938. március 18.;Szent-Györgyi Albert díszdoktorrá avatása;http://digit.bibl.u-szeged.hu/00000/00099/01938/00062/dm_1938_061_003.pdf;Budapest;19,0404707;47,4983815;30-as évek
127;Szent-Györgyi Albert;1938. április 1.;Szent-Györgyi professzor díszdoktorsága : [rövid hír];http://digit.bibl.u-szeged.hu/00000/00099/01938/00073/dm_1938_072_005.pdf;Budapest;19,0404707;47,4983815;30-as évek
128;Szent-Györgyi Albert;1938. április 3.;Én is csak hallottam;http://digit.bibl.u-szeged.hu/00000/00099/01938/00075/page/8.jpeg;Szeged;20,1486016;46,2546312;30-as évek
129;Szent-Györgyi Albert;1938. április 7.;Csütörtökön délben avatja a szegedi egyetem diszdoktorrá a Nobel-díjas Szent-Györgyi Albertet : szerdán este lampionos szerenádot adott adott az Egyetemi Énekkar;http://digit.bibl.u-szeged.hu/00000/00099/01938/00078/dm_1938_077_003.pdf;Szeged;20,1486016;46,2546312;30-as évek
130;Szent-Györgyi Albert;1938. április 7.;Elõadások : [rövid hír];http://digit.bibl.u-szeged.hu/00000/00099/01938/00078/page/5.jpeg;Szeged;20,1486016;46,2546312;30-as évek
131;Szent-Györgyi Albert;1938. április 8.;Épül az egyetem;http://digit.bibl.u-szeged.hu/00000/00099/01938/00079/page/1.jpeg;Szeged;20,1486016;46,2546312;30-as évek
132;Szent-Györgyi Albert;1938. április 8.;Szent-Györgyi Albert a szegedi egyetem díszdoktora : nagyszabású beszédek a szegedi egyetem felejthetetlen ünnepén;http://digit.bibl.u-szeged.hu/00000/00099/01938/00079/dm_1938_078_003.pdf;Szeged;20,1486016;46,2546312;30-as évek
133;Szent-Györgyi Albert;1938. április 12.;Szent-Györgyi Albert az ösztöndíjas tanács tagja : [rövid hír];http://digit.bibl.u-szeged.hu/00000/00099/01938/00082/dm_1938_081_004.pdf;Budapest;19,0404707;47,4983815;30-as évek
134;Szent-Györgyi Albert;1938. április 13.;Szent - Györgyi professzor lányának szerencsés autóbalesete;http://digit.bibl.u-szeged.hu/00000/00099/01938/00083/page/3.jpeg;Szeged;20,1486016;46,2546312;30-as évek
135;Szent-Györgyi Albert;1938. április 17.;Szent - Györgyi professzor és Roger Martin du Gard közös könyvet tervez a békérõl;http://digit.bibl.u-szeged.hu/00000/00099/01938/00086/dm_1938_085_015.pdf;Szeged;20,1486016;46,2546312;30-as évek
136;Szent-Györgyi Albert;1938. április 27.;Szent - Györgyi Albert diplomája a Tatár-borsról;http://digit.bibl.u-szeged.hu/00000/00099/01938/00093/page/5.jpeg;Szeged;20,1486016;46,2546312;30-as évek
137;Szent-Györgyi Albert;1938. május 7.;Szent-Györgyi;Geley és Buza professzorok az Akadémia tagjai : [rövid hír];http://digit.bibl.u-szeged.hu/00000/00099/01938/00102/dm_1938_101_002.pdf;Budapest;19,0404707;47,4983815;30-as évek
138;Szent-Györgyi Albert;1938. május 20.;Orvosi továbbképzõ tanfolyam a szegedi egyetemen;http://digit.bibl.u-szeged.hu/00000/00099/01938/00113/page/5.jpeg;Szeged;20,1486016;46,2546312;30-as évek
139;Szent-Györgyi Albert;1938. május 22.;Vitamin a betegnek;hogy meggyógyuljon;az egészségesnek;hogy a betegséget megelõzzük : érdekes elõadások;http://digit.bibl.u-szeged.hu/00000/00099/01938/00115/dm_1938_114_005.pdf;Szeged;20,1486016;46,2546312;30-as évek
140;Szent-Györgyi Albert;1938. május 22.;Szent- Györgyi professzor a lengyel akadémia tagja;http://digit.bibl.u-szeged.hu/00000/00099/01938/00115/dm_1938_114_012.pdf;Krakkó;19,9368564;50,0619474;30-as évek
141;Szent-Györgyi Albert;1938. május 29.;Szent-Györgyi professzor a Szegedi Sakk Kör elnöke;http://digit.bibl.u-szeged.hu/00000/00099/01938/00120/page/12.jpeg;Szeged;20,1486016;46,2546312;30-as évek
142;Szent-Györgyi Albert;1938. május 31.;Szent-Györgyi professzor belgrádi útja;http://digit.bibl.u-szeged.hu/00000/00099/01938/00121/page/2.jpeg;Belgrád;20,4568089;44,8178787;30-as évek
143;Szent-Györgyi Albert;1938. jülius 22.;zent-Györgyi professzort díszdoktorrá választotta a párisi Sorbonne;http://digit.bibl.u-szeged.hu/00000/00099/01938/00163/dm_1938_158_4_003.pdf;Párizs;2,3514992;48,8566101;30-as évek
144;Szent-Györgyi Albert;1938. augusztus 19.;Szent-Györgyi professzor elõadása Zürichben;http://digit.bibl.u-szeged.hu/00000/00099/01938/00186/dm_1938_176_005.pdf;Zürich;8,5404434;47,3685586;30-as évek
145;Szent-Györgyi Albert;1938. november 5.;Szombaton a párisi Sorbonne díszdoktorává avatják Szent-Györgyi Albertet;http://digit.bibl.u-szeged.hu/00000/00099/01938/00250/dm_1938_240_004.pdf;Párizs;2,3514992;48,8566101;30-as évek
146;Szent-Györgyi Albert;1938. november 6.;"A Sorbonne szombaton díszdoktorrá avatta Szent-Györgyi professzort : ,A tudományok annaleseiben elmúlhatatlan dátumok jellemzik egyetemes fontosságú felfedezédeit""";http://digit.bibl.u-szeged.hu/00000/00099/01938/00251/dm_1938_241_004.pdf;Párizs;2,3514992;48,8566101;30-as évek
147;Szent-Györgyi Albert;1938. november 10.;Szent-Györgyi professzort ünnepli Paris : szerdán elõadást tart a Sorbonne-on;http://digit.bibl.u-szeged.hu/00000/00099/01938/00254/dm_1938_244_003.pdf;Párizs;2,3514992;48,8566101;30-as évek
148;Szent-Györgyi Albert;1939. március 9.;A szegedi egyetem egyhangúlag Szent-Györgyi Albertet választja felsõházi képviselõjévé / a Délmagyarország munkatársától;http://digit.bibl.u-szeged.hu/00000/00099/01939/00056/dm_1939_057_003.pdf;Szeged;20,1486016;46,2546312;30-as évek
149;Szent-Györgyi Albert;1939. március 17.;A szegedi egyetemet Szent-Györgyi Albert dr. képviseli a felsõházban : felsõházi póttag: Miskolczy Dezsõ dr.;http://digit.bibl.u-szeged.hu/00000/00099/01939/00063/dm_1939_063_005.pdf;Szeged;20,1486016;46,2546312;30-as évek
150;Szent-Györgyi Albert;1939. április 9.;A helyes paprikatermelés és feldolgozás;http://digit.bibl.u-szeged.hu/00000/00099/01939/00081/page/36.jpeg;Szeged;20,1486016;46,2546312;30-as évek
151;Szent-Györgyi Albert;1939. április 23.;Ötszáz tudós látogat el Szegedre a világ minden részébõl;http://digit.bibl.u-szeged.hu/00000/00099/01939/00092/page/3.jpeg;Szeged;20,1486016;46,2546312;30-as évek
152;Szent-Györgyi Albert;1939. május 24.;A szegedi egyetem jövõ évi rektora;http://digit.bibl.u-szeged.hu/00000/00099/01939/00117/page/3.jpeg;Szeged;20,1486016;46,2546312;30-as évek
153;Szent-Györgyi Albert;1939. jülius 12.;Szent Györgyi professzor augusztus végén érkezik vissza Amerikából Szegedre : munkatársai Berlinben;Liégeben;Manchesterben;Cambridgeben dolgoztak;http://digit.bibl.u-szeged.hu/00000/00099/01939/00156/dm_1939_156_005.pdf;Illinois;-89,4339809;40,0796319;30-as évek
154;Szent-Györgyi Albert;1939. augusztus 17.;Szent-Györgyi professzor Amerikából visszaérkezett Szegedre ;http://digit.bibl.u-szeged.hu/00000/00099/01939/00186/dm_1939_186_002.pdf;Szeged;20,1486016;46,2546312;30-as évek
155;Szent-Györgyi Albert;1939. október 15.;Szent-Györgyi Albert dr. a KEAC teniszszakosztályának elnöke : [rövid hír];http://digit.bibl.u-szeged.hu/00000/00099/01939/00235/dm_1939_235_008.pdf;Szeged;20,1486016;46,2546312;30-as évek
156;Szent-Györgyi Albert;1939. október 28.;Egy éve Szegeden tartott elõadást Gerhard Domack;http://digit.bibl.u-szeged.hu/00000/00099/01939/00246/page/2.jpeg;Szeged;20,1486016;46,2546312;30-as évek
157;Szent-Györgyi Albert;1940. január 16.;Varga miniszter és Szent Györgyi professzor a föltalálók díszelnökei : [rövid hír];http://digit.bibl.u-szeged.hu/00000/00099/01940/00011/dm_1940_011_006.pdf;Szeged;20,1486016;46,2546312;40-es évek
158;Szent-Györgyi Albert;1940. január 18.;Szent Györgyi Albert fölajánlotta Nobel-aranyérmét Finnországnak : [rövid hír];http://digit.bibl.u-szeged.hu/00000/00099/01940/00013/dm_1940_013_007.pdf;Szeged;20,1486016;46,2546312;40-es évek
159;Szent-Györgyi Albert;1940. március 10.;Szent-Györgyi professzor átadta Nobel-díjas aranyérmét Onni Tales finn követnek : nagy jelentõségû elõadás az egyetemen a finn kérdésrõl;http://digit.bibl.u-szeged.hu/00000/00099/01940/00057/dm_1940_057_003.pdf;Kolozsvár;23,5900604;46,7693367;40-es évek
160;Szent-Györgyi Albert;1940. április 19.;Szent-Györgyi Albert elõadása az akadémián : [rövid hír];http://digit.bibl.u-szeged.hu/00000/00099/01940/00088/dm_1940_088_006.pdf;Budapest;19,0404707;47,4983815;40-es évek
161;Szent-Györgyi Albert;1940. április 30.;A tudomány és mûvészet szabadsága mellett tett hitet Szent-Györgyi Albert dr. a Magyar Tudományos Akadémián tartott elõadásában;http://digit.bibl.u-szeged.hu/00000/00099/01940/00097/dm_1940_097_002.pdf;Budapest;19,0404707;47,4983815;40-es évek
162;Szent-Györgyi Albert;1940. május 4.;Szent-Györgyi Albert belga kitüntetése : [rövid hír];http://digit.bibl.u-szeged.hu/00000/00099/01940/00100/dm_1940_100_005.pdf;Budapest;19,0404707;47,4983815;40-es évek
163;Szent-Györgyi Albert;1940. június 13.;A Nemzeti Múzeumba helyezik el Szent-Györgyi Albert Nóbel érmét;http://digit.bibl.u-szeged.hu/00000/00099/01940/00132/page/4.jpeg;Budapest;19,0404707;47,4983815;40-es évek
164;Szent-Györgyi Albert;1940. június 21.;Ma adják át az egyetem emlékérmét Szent-Györgyi professzornak;http://digit.bibl.u-szeged.hu/00000/00099/01940/00139/dm_1940_139_006.pdf;Szeged;20,1486016;46,2546312;40-es évek
165;Szent-Györgyi Albert;1940. június 22.;Átadták Szent-Györgyi professzornak az egyetem emlékérmét;http://digit.bibl.u-szeged.hu/00000/00099/01940/00140/dm_1940_140_003.pdf;Szeged;20,1486016;46,2546312;40-es évek
166;Szent-Györgyi Albert;1940. augusztus 8.;Szent-Györgyi professzor a sportrepülõ : interjú Szent-Györgyi Albert dr.-ral a hármashatárhegyi repülõtáborban;ahol a Nobel-díjas vitorlázó repülõ vizsgár tett;http://digit.bibl.u-szeged.hu/00000/00099/01940/00179/dm_1940_179_003.pdf;Hármashatárhegy;19,0026009;47,5586244;40-es évek
167;Szent-Györgyi Albert;1940. szeptember 10.;Szent-Györgyi Albert: A magam részérõl Szegedhez vagyok nõve : a világhírû Nobel-díjas tudós nyilatkozata az egyetem ügyérõl;http://digit.bibl.u-szeged.hu/00000/00099/01940/00205/dm_1940_205_003.pdf;Szeged;20,1486016;46,2546312;40-es évek
168;Szent-Györgyi Albert;1940. szeptember 13.;Szent-Györgyi Albert dr. professzor Szegeden marad : a város jövõ évtõl vállalni tudja a jogi fakultás fenntartásának költségeit;http://digit.bibl.u-szeged.hu/00000/00099/01940/00208/dm_1940_208_003.pdf;Szeged;20,1486016;46,2546312;40-es évek
169;Szent-Györgyi Albert;1940. október 24.;Szent-Györgyi Albert dr. lesz a szegedi Horthy Miklós-tudományegyetem rektora : november 11-én kezdõdnek az elõadások;http://digit.bibl.u-szeged.hu/00000/00099/01940/00243/dm_1940_243_002.pdf;Szeged;20,1486016;46,2546312;40-es évek
170;Szent-Györgyi Albert;1940. október 30. ;Szent-Györgyi Albert dr. lett a Horthy Miklós-tudományegyetem rektora : rövidesen megválasztják az egyetem felsõházi képviselõjét;http://digit.bibl.u-szeged.hu/00000/00099/01940/00248/dm_1940_248_002.pdf;Szeged;20,1486016;46,2546312;40-es évek
171;Szent-Györgyi Albert;1940. október 30. ;Szent-Györgyi professzor a tankönyvrõl;http://digit.bibl.u-szeged.hu/00000/00099/01940/00248/dm_1940_248_005.pdf;Szeged;20,1486016;46,2546312;40-es évek
172;Szent-Györgyi Albert;1940. november 3.;Diákjóléti intézmények felállítása;a jogikar visszaállításának szorgalmazása és tudományos kapcsolatok fenntartása ;http://digit.bibl.u-szeged.hu/00000/00099/01940/00250/dm_1940_250_003.pdf;Szeged;20,1486016;46,2546312;40-es évek
173;Szent-Györgyi Albert;1940. november 8.;Összeállították az egyetemnyitás országraszóló ünnepségének programját;http://digit.bibl.u-szeged.hu/00000/00099/01940/00254/page/2.jpeg;Szeged;20,1486016;46,2546312;40-es évek
174;Szent-Györgyi Albert;1940. november 12.;Kormányzó urunk beszédével;országraszóló fényes ünnepség keretébennyílt meg a Horthy Miklós-egyetem;http://digit.bibl.u-szeged.hu/00000/00099/01940/00257/page/1.jpeg;Szeged;20,1486016;46,2546312;40-es évek
175;Szent-Györgyi Albert;1940. november 12.;Szent-Györgyi rektor az egyetem hármas hivatásáról;http://digit.bibl.u-szeged.hu/00000/00099/01940/00257/page/2.jpeg;Szeged;20,1486016;46,2546312;40-es évek
176;Szent-Györgyi Albert;1940. december 14.;Szent-Györgyi Albert rektor beszéde a diáksághoz a diákegység megteremtésérõl;http://digit.bibl.u-szeged.hu/00000/00099/01940/00278/dm_1940_278_003.pdf;Szeged;20,1486016;46,2546312;40-es évek
177;Szent-Györgyi Albert;1940. december 19.;Este 10 óráig tartott a rendkívüli közgyûlés elsõnapi költségvetési vitája;http://digit.bibl.u-szeged.hu/00000/00099/01940/00282/page/3.jpeg;Szeged;20,1486016;46,2546312;40-es évek
178;Szent-Györgyi Albert;1940. december 25.;A Szent-Györgyi Intézettõl Kolozsvárig;http://digit.bibl.u-szeged.hu/00000/00099/01940/00287/page/17.jpeg;Szeged;20,1486016;46,2546312;40-es évek
179;Szent-Györgyi Albert;1941. január 12.;A kitünõ egyetemi énekkar;http://digit.bibl.u-szeged.hu/00000/00099/01941/00009/dm_1941_009_010.pdf;Szeged;20,1486016;46,2546312;40-es évek
180;Szent-Györgyi Albert;1941. január 23.;Bonyodalmak az Egyetem Barátok Egyesülete körül;http://digit.bibl.u-szeged.hu/00000/00099/01941/00018/page/3.jpeg;Szeged;20,1486016;46,2546312;40-es évek
181;Szent-Györgyi Albert;1941. január 25.;Fényes sikerrel tartották meg az Egyetemi Bálat;http://digit.bibl.u-szeged.hu/00000/00099/01941/00020/dm_1941_020_004.pdf;Szeged;20,1486016;46,2546312;40-es évek
182;Szent-Györgyi Albert;1941. február 2.;A Szegedi Egyetem modern élete tantermekben;diákklubokban;http://digit.bibl.u-szeged.hu/00000/00099/01941/00027/dm_1941_027_004.pdf;Szeged;20,1486016;46,2546312;40-es évek
183;Szent-Györgyi Albert;1941. február 2.;Tegnap járt le;http://digit.bibl.u-szeged.hu/00000/00099/01941/00027/dm_1941_027_006.pdf;Szeged;20,1486016;46,2546312;40-es évek
184;Szent-Györgyi Albert;1941. február 5.;A szegedi egyetem jelmondata : [rövid hír];http://digit.bibl.u-szeged.hu/00000/00099/01941/00029/dm_1941_029_006.pdf;Szeged;20,1486016;46,2546312;40-es évek
185;Szent-Györgyi Albert;1941. február 7.;Könyvtár;társalgó;klub és mozi a szegedi Német Intézetben;http://digit.bibl.u-szeged.hu/00000/00099/01941/00031/dm_1941_031_005.pdf;Szeged;20,1486016;46,2546312;40-es évek
186;Szent-Györgyi Albert;1941. február 9.;Megnyílt a szegedi Német Intézet;http://digit.bibl.u-szeged.hu/00000/00099/01941/00033/dm_1941_033_004.pdf;Szeged;20,1486016;46,2546312;40-es évek
187;Szent-Györgyi Albert;1941. február 9.;"Készülnek a diákotthon helyiségei a központi egyetemen;az ""egyenlõre"" szünetelõ jogikar termeiben";http://digit.bibl.u-szeged.hu/00000/00099/01941/00033/dm_1941_033_008.pdf;Szeged;20,1486016;46,2546312;40-es évek
188;Szent-Györgyi Albert;1941. február 11.;Jelmezes karnevál a medikus-patikus bálon;http://digit.bibl.u-szeged.hu/00000/00099/01941/00034/page/4.jpeg;Szeged;20,1486016;46,2546312;40-es évek
189;Szent-Györgyi Albert;1941. február 16.;A fõiskolások jelmezes bálja;http://digit.bibl.u-szeged.hu/00000/00099/01941/00039/page/4.jpeg;Szeged;20,1486016;46,2546312;40-es évek
190;Szent-Györgyi Albert;1941. február 16.;Errõl a látogatásról;http://digit.bibl.u-szeged.hu/00000/00099/01941/00039/dm_1941_039_006.pdf;Szeged;20,1486016;46,2546312;40-es évek
191;Szent-Györgyi Albert;1941. február 16.;Féléves szünet után tovább halad az Egyetembarátok Egyesületének munkája;http://digit.bibl.u-szeged.hu/00000/00099/01941/00039/page/7.jpeg;Szeged;20,1486016;46,2546312;40-es évek
192;Szent-Györgyi Albert;1941. február 18.;A kötelességteljesítés tanát szolgáljuk a klinikákon;http://digit.bibl.u-szeged.hu/00000/00099/01941/00040/page/5.jpeg;Szeged;20,1486016;46,2546312;40-es évek
193;Szent-Györgyi Albert;1941. február 20.;Szent-Györgyi professzor elõadása az Egyetembarátok Egyesületének orvosi szakülésén új biokémiai vizsgálatairól;http://digit.bibl.u-szeged.hu/00000/00099/01941/00042/dm_1941_042_004.pdf;Szeged;20,1486016;46,2546312;40-es évek
194;Szent-Györgyi Albert;1941. február 21.;Csütörtökön megkezdõdtek a szabadegyetemi elõadások;http://digit.bibl.u-szeged.hu/00000/00099/01941/00043/page/5.jpeg;Szeged;20,1486016;46,2546312;40-es évek
195;Szent-Györgyi Albert;1941. február 28.;Szent Györgyi Albert professzor szabadegyetemi elõadása a szegedi diákegység mozgalomról;http://digit.bibl.u-szeged.hu/00000/00099/01941/00049/dm_1941_049_005.pdf;Szeged;20,1486016;46,2546312;40-es évek
196;Szent-Györgyi Albert;1941. március 7.;Megszûnt Szegeden a Ferenc József Egyetem Barátai Egyesülete;megalakult a Horthy Miklós Egyetem Barátai Egyesülete;http://digit.bibl.u-szeged.hu/00000/00099/01941/00055/page/4.jpeg;Szeged;20,1486016;46,2546312;40-es évek
197;Szent-Györgyi Albert;1941. március 15.;Volt ez…;http://digit.bibl.u-szeged.hu/00000/00099/01941/00062/page/4.jpeg;Szeged;20,1486016;46,2546312;40-es évek
198;Szent-Györgyi Albert;1941. március 19.;Szent-Györgyi Albert elõadása Pécsett a diákegység-mozgalomról;http://digit.bibl.u-szeged.hu/00000/00099/01941/00064/dm_1941_064_005.pdf;Pécs;18,228147;46,0762962;40-es évek
199;Szent-Györgyi Albert;1941. március 21.;Szegedi mintára Pécsett is megvalósult a diákegység : a pécsi ifjúság nagy lelkesedéssel ünnepelte Szent-Györgyi Albertet;http://digit.bibl.u-szeged.hu/00000/00099/01941/00066/dm_1941_066_007.pdf;Pécs;18,228147;46,0762962;40-es évek
200;Szent-Györgyi Albert;1941. március 22.;A kutatómunka legszebb öröme;amikor megvillan egy-egy új megismerés;http://digit.bibl.u-szeged.hu/00000/00099/01941/00067/page/5.jpeg;Szeged;20,1486016;46,2546312;40-es évek
201;Szent-Györgyi Albert;1941. március 29.;"Nyitány az egyetemi ""Hamlet""-hez : megjelent az egyetemi színjátszó társaság ismertetõ könyve";http://digit.bibl.u-szeged.hu/00000/00099/01941/00072/dm_1941_072_004.pdf;Szeged;20,1486016;46,2546312;40-es évek
202;Szent-Györgyi Albert;1941. április 2.;Hamlet a szegedi diákok szinpadán;http://digit.bibl.u-szeged.hu/00000/00099/01941/00074/page/7.jpeg;Szeged;20,1486016;46,2546312;40-es évek
203;Szent-Györgyi Albert;1941. április 5.;R. Simonity Margot szavaló-estje;http://digit.bibl.u-szeged.hu/00000/00099/01941/00077/page/2.jpeg;Szeged;20,1486016;46,2546312;40-es évek
204;Szent-Györgyi Albert;1941. április 6.;Rendkívüli közgyûlés a városházán;http://digit.bibl.u-szeged.hu/00000/00099/01941/00078/page/3.jpeg;Szeged;20,1486016;46,2546312;40-es évek
205;Szent-Györgyi Albert;1941. április 30.;A szegedi tábla szeptemberben visszaköltözik régi épületébe;http://digit.bibl.u-szeged.hu/00000/00099/01941/00096/dm_1941_097_003.pdf;Szeged;20,1486016;46,2546312;40-es évek
206;Szent-Györgyi Albert;1941. május 6.;A szegedi egyetemi színjátszók Hamlet-együttese elutazott Kolozsvárra;http://digit.bibl.u-szeged.hu/00000/00099/01941/00101/page/8.jpeg;Kolozsvár;23,5900604;46,7693367;40-es évek
207;Szent-Györgyi Albert;1941. május 20.;Megkezdõdött az egyetem-vita;http://digit.bibl.u-szeged.hu/00000/00099/01941/00113/page/3.jpeg;Szeged;20,1486016;46,2546312;40-es évek
208;Szent-Györgyi Albert;1941. május 20.;Az önálló vegyészkamaráért harcolnak a vegyészdoktorok;http://digit.bibl.u-szeged.hu/00000/00099/01941/00113/page/4.jpeg;Szeged;20,1486016;46,2546312;40-es évek
209;Szent-Györgyi Albert;1941. május 21.;Nagy érdeklõdés várja a törvényhatóság mai közgyûlését;http://digit.bibl.u-szeged.hu/00000/00099/01941/00114/page/5.jpeg;Szeged;20,1486016;46,2546312;40-es évek
210;Szent-Györgyi Albert;1941. május 27.;Az egyetem évzáró ünnepsége;http://digit.bibl.u-szeged.hu/00000/00099/01941/00118/page/6.jpeg;Szeged;20,1486016;46,2546312;40-es évek
211;Szent-Györgyi Albert;1941. május 29.;Magyar nyilvánosság : Hamlet körül;http://digit.bibl.u-szeged.hu/00000/00099/01941/00120/dm_1941_121_004.pdf;Szeged;20,1486016;46,2546312;40-es évek
212;Szent-Györgyi Albert;1941. május 30.;Lapot adott ki a Szegedi Egyetemi Ifjúság;http://digit.bibl.u-szeged.hu/00000/00099/01941/00121/page/7.jpeg;Szeged;20,1486016;46,2546312;40-es évek
213;Szent-Györgyi Albert;1941. június 6.;Ünnepélyes záróüléssel befejezõdött a Horthy Miklós egyetem elsõ tanéve;http://digit.bibl.u-szeged.hu/00000/00099/01941/00126/page/3.jpeg;Szeged;20,1486016;46,2546312;40-es évek
214;Szent-Györgyi Albert;1941. június 6.;A Horthy Miklós Egyetem hódolata Horthy Miklós kormányzónak;http://digit.bibl.u-szeged.hu/00000/00099/01941/00126/page/4.jpeg;Szeged;20,1486016;46,2546312;40-es évek
215;Szent-Györgyi Albert;1941. június 7.;"a szegedi ""paprikaország""";http://digit.bibl.u-szeged.hu/00000/00099/01941/00127/page/5.jpeg;Szeged;20,1486016;46,2546312;40-es évek
216;Szent-Györgyi Albert;1941. június 10.;Vasárnap megnyílt a német folyóirat kiállítás;http://digit.bibl.u-szeged.hu/00000/00099/01941/00129/page/5.jpeg;Szeged;20,1486016;46,2546312;40-es évek
217;Szent-Györgyi Albert;1941. június 19.;"Szent-Györgyi professzor a kultúra hivatásáról : ""Csak a nagy emberi ideálok tudják megmenteni a világot""";http://digit.bibl.u-szeged.hu/00000/00099/01941/00136/dm_1941_137_002.pdf;Szeged;20,1486016;46,2546312;40-es évek
218;Szent-Györgyi Albert;1941. július 20.;Tárgyalások Szabadkán;http://digit.bibl.u-szeged.hu/00000/00099/01941/00163/page/3.jpeg;Szabadka;19,6640974;46,1000129;40-es évek
219;Szent-Györgyi Albert;1941. augusztus 30.;Kugotowicz Károly rektor nyilatkozata ;http://digit.bibl.u-szeged.hu/00000/00099/01941/00196/page/5.jpeg;Szeged;20,1486016;46,2546312;40-es évek
220;Szent-Györgyi Albert;1941. szeptember 10.;Az egyetem évnyitó ünnepsége;http://digit.bibl.u-szeged.hu/00000/00099/01941/00204/dm_1941_205_006.pdf;Szeged;20,1486016;46,2546312;40-es évek
221;Szent-Györgyi Albert;1941. szeptember 18.;A szegedi egyetemen tilos a Méltóságos uram!;http://digit.bibl.u-szeged.hu/00000/00099/01941/00211/page/5.jpeg;Szeged;20,1486016;46,2546312;40-es évek
222;Szent-Györgyi Albert;1941. szeptember 23.;Ünnepélyes külsõségek között megnyitották a Horthy Miklós egyetem második tanévét;http://digit.bibl.u-szeged.hu/00000/00099/01941/00215/dm_1941_216_003.pdf;Szeged;20,1486016;46,2546312;40-es évek
223;Szent-Györgyi Albert;1941. szeptember 23.;Szent-Györgyi Albert búcsúja;http://digit.bibl.u-szeged.hu/00000/00099/01941/00215/page/3.jpeg;Szeged;20,1486016;46,2546312;40-es évek
224;Szent-Györgyi Albert;1941. szeptember 27.;Hírdetés [rövid hír];http://digit.bibl.u-szeged.hu/00000/00099/01941/00219/page/7.jpeg;Szeged;20,1486016;46,2546312;40-es évek
225;Szent-Györgyi Albert;1941. október 3.;Hóman és Radocsay minisztert Szegedre várják;http://digit.bibl.u-szeged.hu/00000/00099/01941/00224/page/3.jpeg;Szeged;20,1486016;46,2546312;40-es évek
226;Szent-Györgyi Albert;1941. október 11.;14 fellebbezés a virilis névsor ellen : Szent-Györgyi Albert helyét Kogutowicz Károly foglalta el a törvényhatósági bizottságban;http://digit.bibl.u-szeged.hu/00000/00099/01941/00231/dm_1941_232_005.pdf;Szeged;20,1486016;46,2546312;40-es évek
227;Szent-Györgyi Albert;1941. október 14.;Olasz újságírók tanulmányutja Szegeden;http://digit.bibl.u-szeged.hu/00000/00099/01941/00233/page/5.jpeg;Szeged;20,1486016;46,2546312;40-es évek
228;Szent-Györgyi Albert;1941. október 19.;Dr. Szent-Györgyi Albert házassága;http://digit.bibl.u-szeged.hu/00000/00099/01941/00238/dm_1941_239_009.pdf;Szeged;20,1486016;46,2546312;40-es évek
229;Szent-Györgyi Albert;1941. november 9.;Jólsikerült a Hubertus-vadászlovaglás és verseny;http://digit.bibl.u-szeged.hu/00000/00099/01941/00255/page/2.jpeg;Szeged;20,1486016;46,2546312;40-es évek
230;Szent-Györgyi Albert;1941. november 13.;Éjfélutáni telefonjelentések;http://digit.bibl.u-szeged.hu/00000/00099/01941/00258/page/2.jpeg;Róma;12,47311;41,8988173;40-es évek
231;Szent-Györgyi Albert;1941. november 23.;Szily államtitkár szombaton Szegedre érkezett;http://digit.bibl.u-szeged.hu/00000/00099/01941/00267/page/3.jpeg;Szeged;20,1486016;46,2546312;40-es évek
232;Szent-Györgyi Albert;1941. december 4.;Interpelláció a képviselõházban a szegedi egyetem jogi karáról;http://digit.bibl.u-szeged.hu/00000/00099/01941/00276/page/2.jpeg;Budapest;19,0404707;47,4983815;40-es évek
233;Szent-Györgyi Albert;1942. február 10.;A repülés iránti szeretetet bele kell oltani az ifjúság lelkébe;http://digit.bibl.u-szeged.hu/00000/00099/01942/00032/page/2.jpeg;Szeged;20,1486016;46,2546312;40-es évek
234;Szent-Györgyi Albert;1942. február 22.;A kormányzó Szent-Györgyi Albertet és Bartók Györgyöt a Magyar Érdemrend középkeresztjével tüntette ki;http://digit.bibl.u-szeged.hu/00000/00099/01942/00043/dm_1942_043_004.pdf;Szeged;20,1486016;46,2546312;40-es évek
235;Szent-Györgyi Albert;1942. március 25.;A szegedi Sakk Kör közgyûlése;http://digit.bibl.u-szeged.hu/00000/00099/01942/00069/page/9.jpeg;Szeged;20,1486016;46,2546312;40-es évek
236;Szent-Györgyi Albert;1942. május 27.;A pádovai egyetem díszdoktorává avatja dr. Szent-Györgyi Albertet : május 31-én a 700 éves világhírû olasz egyetem ünnepségein nyújtják át a szegedi egyetem Nobel-díjas tudósának díszdoktori oklevelét;http://digit.bibl.u-szeged.hu/00000/00099/01942/00118/dm_1942_118_003.pdf;Padova;11,8734455;45,4077172;40-es évek
237;Szent-Györgyi Albert;1942. június 2.;Átadták a padovai egyetem díszdoktori oklevelét Szent-Györgyi Albertnek;http://digit.bibl.u-szeged.hu/00000/00099/01942/00123/dm_1942_123_003.pdf;Padova;11,8734455;45,4077172;40-es évek
238;Szent-Györgyi Albert;1942. június 21.;Szent-Györgyi Albert hazaérkezett Páduából : [rövid hír];http://digit.bibl.u-szeged.hu/00000/00099/01942/00139/dm_1942_139_007.pdf;Szeged;20,1486016;46,2546312;40-es évek
239;Szent-Györgyi Albert;1942. augusztus 29.;Két ujabb vitamin-találmányát jelentette be a Szabadalmi Bíróságnál Szent-Györgyi Albert;http://digit.bibl.u-szeged.hu/00000/00099/01942/00195/dm_1942_195_005.pdf;Szeged;20,1486016;46,2546312;40-es évek
240;Szent-Györgyi Albert;1942. október 14.;Az Egyetem Barátai Egyesületének orvosi szakülése;http://digit.bibl.u-szeged.hu/00000/00099/01942/00232/page/6.jpeg;Szeged;20,1486016;46,2546312;40-es évek
241;Szent-Györgyi Albert;1942. november 22.;Szent-Györgyi Albert sportrepülõi vizsgája : [rövid hír];http://digit.bibl.u-szeged.hu/00000/00099/01942/00265/dm_1942_266_007.pdf;Szeged;20,1486016;46,2546312;40-es évek
242;Szent-Györgyi Albert;1942. december 29.;Ünnepi melléklet [rövid hír];http://digit.bibl.u-szeged.hu/00000/00099/01942/00293/page/2.jpeg;Szeged;20,1486016;46,2546312;40-es évek
243;Szent-Györgyi Albert;1942. december 29.;Svájci lap Szent-Györgyi Albert kutatásairól : [rövid hír];http://digit.bibl.u-szeged.hu/00000/00099/01942/00293/dm_1942_294_003.pdf;Genf;6,1466014;46,2017559;40-es évek
244;Szent-Györgyi Albert;1943. február 14.;Szent - Györgyi Albert nagysikerü elõadása az istambuli egyetemen;http://digit.bibl.u-szeged.hu/00000/00099/01943/00036/page/4.jpeg;Istambul;28,9651646;41,0096334;40-es évek
245;Szent-Györgyi Albert;1943. február 20.;A török ujságok méltató cikkei Szent - Györgyi Albertrõl;http://digit.bibl.u-szeged.hu/00000/00099/01943/00041/page/2.jpeg;Istambul;28,9651646;41,0096334;40-es évek
246;Szent-Györgyi Albert;1943. március 2.;Szent-Györgyi Albert hazaérkezett Törökországból;http://digit.bibl.u-szeged.hu/00000/00099/01943/00049/dm_1943_049_003.pdf;Szeged;20,1486016;46,2546312;40-es évek
247;Szent-Györgyi Albert;1943. március 4.;Szent-Györgyi Albert a lausannei egyetem díszdoktorává választotta : a szegedi Nobel-díjas tudós Svájcba utazik a díszdoktori diploma átvételére;http://digit.bibl.u-szeged.hu/00000/00099/01943/00051/dm_1943_051_003.pdf;Lausanne;6,6327025;46,5218269;40-es évek
248;Szent-Györgyi Albert;1943. április 17.;Megoperálták Szent-Györgyi professzort : [rövid hír];http://digit.bibl.u-szeged.hu/00000/00099/01943/00087/dm_1943_087_006.pdf;Szeged;20,1486016;46,2546312;40-es évek
249;Szent-Györgyi Albert;1943. május 13.;Szent-Györgyi professzor érdekes rádióelõadása a tudósok háborús szerepérõl és legujabb kutatásáról;http://digit.bibl.u-szeged.hu/00000/00099/01943/00107/dm_1943_107_005.pdf;Budapest;19,0404707;47,4983815;40-es évek
250;Szent-Györgyi Albert;1943. június 3.;Hét könyvessátor az utcán a szegedi elsõ könyvnapon : csak négy könyvkereskedõ állított sátrat;http://digit.bibl.u-szeged.hu/00000/00099/01943/00125/dm_1943_125_005.pdf;Szeged;20,1486016;46,2546312;40-es évek
251;Szent-Györgyi Albert;1943. június 16.;Szent-Györgyi Albert lesz a tihanyi biológiai intézet igazgatója;http://digit.bibl.u-szeged.hu/00000/00099/01943/00134/dm_1943_134_005.pdf;Tihany;17,8917574;46,9122292;40-es évek
252;Szent-Györgyi Albert;1943. június 22.;Betörõk jártak Szent-Györgyi Albert ujszegedi [!újszegedi] villájában;http://digit.bibl.u-szeged.hu/00000/00099/01943/00139/dm_1943_139_003.pdf;Szeged;20,1486016;46,2546312;40-es évek
253;Szent-Györgyi Albert;1943. június 26.;A Magyar Élettani Társaság vndorgyûlése Szegeden;http://digit.bibl.u-szeged.hu/00000/00099/01943/00142/page/5.jpeg;Szeged;20,1486016;46,2546312;40-es évek
254;Szent-Györgyi Albert;1943. július 4.;Komoly és jelentõségteljes kutató munka folyik a Magyar Élettani Társaságban;http://digit.bibl.u-szeged.hu/00000/00099/01943/00148/page/7.jpeg;Szeged;20,1486016;46,2546312;40-es évek
255;Szent-Györgyi Albert;1943. augusztus 15.;Látogatás a tihanyi Biológiai Intézetben;amely Szent-Györgyi Albert irányító munkáját várja;http://digit.bibl.u-szeged.hu/00000/00099/01943/00184/dm_1943_184_007.pdf;Tihany;17,8917574;46,9122292;40-es évek
256;Szent-Györgyi Albert;1943. augusztus 24.;Az õsnomádok életét éli egy havasi kunyhóban Szent-Györgyi Albert;http://digit.bibl.u-szeged.hu/00000/00099/01943/00190/dm_1943_190_004.pdf;Kolozsvár;23,5900604;46,7693367;40-es évek
257;Szent-Györgyi Albert;1943. szeptember 12.;Szent-Györgyi Albert 50 éves;http://digit.bibl.u-szeged.hu/00000/00099/01943/00206/page/8.jpeg;Szeged;20,1486016;46,2546312;40-es évek
258;Szent-Györgyi Albert;1943. szeptember 17.;Meleg szerettel;családias hangulatú ünnepségen köszöntötték munkatársai az 50 éves Szent-Györgyi Albertet;http://digit.bibl.u-szeged.hu/00000/00099/01943/00210/dm_1943_210_005.pdf;Szeged;20,1486016;46,2546312;40-es évek
259;Szent-Györgyi Albert;1943. november 30.;ent-Györgyi Albert székfoglalója a debreceni Tisza István-tudományos Társaságban;http://digit.bibl.u-szeged.hu/00000/00099/01943/00271/dm_1943_271_005.pdf;Debrecen;21,6259782;47,531399;40-es évek
260;Szent-Györgyi Albert;1943. december 17.;Szent-Györgyi Albert elõadása Debrecenben az izommal kapcsolatos kutatásainak eredményérõl;http://digit.bibl.u-szeged.hu/00000/00099/01943/00285/dm_1943_285_004.pdf;Debrecen;21,6259782;47,531399;40-es évek
261;Szent-Györgyi Albert;1944. február 16.;Szent-Györgyi Albert munkatársainak nagyjelentõségû beszámolója az orvosi szakülésen;http://digit.bibl.u-szeged.hu/00000/00099/01944/00037/dm_1944__037_003.pdf;Szeged;20,1486016;46,2546312;40-es évek
262;Szent-Györgyi Albert;1944. február 27.;Szent-Györgyi Albert beszámol a rádióban az új orvosi felfedezésekrõl;http://digit.bibl.u-szeged.hu/00000/00099/01944/00046/dm_1944__047_003.pdf;Szeged;20,1486016;46,2546312;40-es évek
263;Szent-Györgyi Albert;1944. március 12.;Szent-Györgyi Albert elõadása;http://digit.bibl.u-szeged.hu/00000/00099/01944/00058/page/8.jpeg;Szeged;20,1486016;46,2546312;40-es évek
264;Szent-Györgyi Albert;1944. március 15.;"""A modern biológiai tudomány az eddigi álomvár helyett két szilárd alapkövön nyugszik"" : Szent-Györgyi professzor elõadása az Egyetembarátok orvosi szakülésén kutatásai legutóbbi négy esztendejérõl";http://digit.bibl.u-szeged.hu/00000/00099/01944/00060/dm_1944_061_003.pdf;Szeged;20,1486016;46,2546312;40-es évek
265;Szent-Györgyi Albert;1944. december 17.;Szent-Györgyi Albert intézete mûködik : Beszélgetés dr. Banga Ilonával Szent-Györgyirõl és utolsó nagy felfedezésérõl;http://digit.bibl.u-szeged.hu/00000/00099/01944/00106/dm_1944_024_005.pdf;Szeged;20,1486016;46,2546312;40-es évek
266;Szent-Györgyi Albert;1945. február 13.;Szent-Györgyi Albert visszaérkezett Szegedre : Malinovszki marsall vendége volt a fõhadiszállásán;http://digit.bibl.u-szeged.hu/00000/00099/01945/00034/dm_1945_034_003.pdf;Szeged;20,1486016;46,2546312;40-es évek
267;Szent-Györgyi Albert;1945. március 17.;Az ifjúsûg Szent-Györgyi példáját kövesse;http://digit.bibl.u-szeged.hu/00000/00099/01945/00061/page/3.jpeg;Szeged;20,1486016;46,2546312;40-es évek
268;Szent-Györgyi Albert;1945. április 29.;Szegeden járt tegnap Szent-Györgyi professzor : A szegedi tudós az Országos Nevelésügyi Tanács elnöke lett;http://digit.bibl.u-szeged.hu/00000/00099/01945/00096/dm_1945_096_002.pdf;Szeged;20,1486016;46,2546312;40-es évek
269;Szent-Györgyi Albert;1945. május 4.;Szent-Györgyi Albert lemondott a Magyar Tudományos Akadémia tagságáról;http://digit.bibl.u-szeged.hu/00000/00099/01945/00099/page/2.jpeg;Budapest;19,0404707;47,4983815;40-es évek
270;Szent-Györgyi Albert;1945. május 8.;Megalakult a Szovjetbarátok Szegedi Társasága;http://digit.bibl.u-szeged.hu/00000/00099/01945/00102/dm_1945_102_002.pdf;Szeged;20,1486016;46,2546312;40-es évek
271;Szent-Györgyi Albert;1945. május 19.;Hazaérkezett Moszkvából Szent-Györgyi Albert : [rövid hír];http://digit.bibl.u-szeged.hu/00000/00099/01945/00111/dm_1945_111_002.pdf;Szeged;20,1486016;46,2546312;40-es évek
272;Szent-Györgyi Albert;1945. július 4.;Szent-Györgyi Albert a budapesti egyetem tanára : [rövid hír];http://digit.bibl.u-szeged.hu/00000/00099/01945/00147/dm_1945_148_002.pdf;Budapest;19,0404707;47,4983815;40-es évek
273;Szent-Györgyi Albert;1945. július 7.;Dr. Szent-Györgyi Albert nyilatkozata moszkvai útjáról;http://digit.bibl.u-szeged.hu/00000/00099/01945/00150/dm_1945_151_002.pdf;Moszkva;37,6174976;55,7506828;40-es évek
274;Szent-Györgyi Albert;1945. július 12.;Románia gyógyszert és kondenzált tejet ad Magyarországnak;http://digit.bibl.u-szeged.hu/00000/00099/01945/00154/page/1.jpeg;Bukarest;26,1027202;44,4361414;40-es évek
275;Szent-Györgyi Albert;1945. július 15.;Budapesti mintára magyar-román társaság alakul Bukarestben is;http://digit.bibl.u-szeged.hu/00000/00099/01945/00157/page/2.jpeg;Bukarest;26,1027202;44,4361414;40-es évek
276;Szent-Györgyi Albert;1945. július 26.;"Ha nem megy szép szóval;erõszakkal is átalakítjuk a Tudományos Akadémiát"" : A Nobel-díjas tudós feltûnést keltõ elõadása az egyetem;az Akadémia és a tudomány válságáról";http://digit.bibl.u-szeged.hu/00000/00099/01945/00166/dm_1945_167_001.pdf;Budapest;19,0404707;47,4983815;40-es évek
277;Szent-Györgyi Albert;1945. augusztus 2.;Szent-Györgyi Albert megalakítja a Természettudományi Akadémiát ;http://digit.bibl.u-szeged.hu/00000/00099/01945/00172/dm_1945_173_001.pdf;Budapest;19,0404707;47,4983815;40-es évek
278;Szent-Györgyi Albert;1945. szeptember 2.;A szegedi egyetem orvosi fakultása határozott a megüresedett orvosi tanszékek betöltésérõl ;http://digit.bibl.u-szeged.hu/00000/00099/01945/00197/dm_1945_198_001.pdf;Szeged;20,1486016;46,2546312;40-es évek
279;Szent-Györgyi Albert;1945.december 7.;Szent-Györgyi Albert ismételten lemondott akadémiai tagságáról ;http://digit.bibl.u-szeged.hu/00000/00099/01945/00275/dm_1945_277_002.pdf;Budapest;19,0404707;47,4983815;40-es évek
280;Szent-Györgyi Albert;1945. december 12.;Az Akadémia rágalmazásért fel akarja jelenteni Szent-Györgyi Albertet;http://digit.bibl.u-szeged.hu/00000/00099/01945/00278/page/1.jpeg;Budapest;19,0404707;47,4983815;40-es évek
281;Szent-Györgyi Albert;1946. május 26.;Szent-Györgyi professzor kapta a Camaran-díjat : [rövid hír];http://digit.bibl.u-szeged.hu/00000/00099/01946/00118/dm_1946_118_002.pdf;Budapest;19,0404707;47,4983815;40-es évek
282;Szent-Györgyi Albert;1946. június 1.;Szent-Györgyi Albert legújabb kutatásai az élet titkának nyomában;http://digit.bibl.u-szeged.hu/00000/00099/01946/00122/dm_1946_122_002.pdf;Budapest;19,0404707;47,4983815;40-es évek
283;Szent-Györgyi Albert;1946. június 9.;A tudomány a munkásokért;a munkások a tudományért : Dr. Straub Ferenc Brunó egyetemi tanár a Szent-Györgyi Albert vezetésével kezdeményezett mozgalomról;http://digit.bibl.u-szeged.hu/00000/00099/01946/00129/dm_1946_129_004.pdf;Szeged;20,1486016;46,2546312;40-es évek
284;Szent-Györgyi Albert;1946. július 6.;Szent-Györgyi Albert Dél-Amerikába utazik;http://digit.bibl.u-szeged.hu/00000/00099/01946/00149/page/2.jpeg;Buenos Aires;-58,437076;-34,6075616;40-es évek
285;Szent-Györgyi Albert;1946. július 26.;Szent-Györgyi a legnagyobb fantáziájú kémikus : [rövid tudósítás];http://digit.bibl.u-szeged.hu/00000/00099/01946/00166/dm_1946_166_002.pdf;London;-0,1276474;51,5073219;40-es évek
286;Szent-Györgyi Albert;1946. október 3.;Szent-Györgyi Albert felszólalása;http://digit.bibl.u-szeged.hu/00000/00099/01946/00225/page/2.jpeg;Budapest;19,0404707;47,4983815;40-es évek
287;Szent-Györgyi Albert;1946. december 10.;Szent-Györgyi nem utazhat amerikába;http://digit.bibl.u-szeged.hu/00000/00099/01946/00282/dm_1946_278_002.pdf;Budapest;19,0404707;47,4983815;40-es évek
288;Szent-Györgyi Albert;1947. január 3.;Francia elismerés Szent-Györgyi Albertnek;http://digit.bibl.u-szeged.hu/00000/00099/01947/00002/page/2.jpeg;Párizs;2,3514992;48,8566101;40-es évek
289;Szent-Györgyi Albert;1948. március 14.;Kiosztották a Kossuth-díjakat;http://digit.bibl.u-szeged.hu/00000/00099/01948/00062/page/5.jpeg;Budapest;19,0404707;47,4983815;40-es évek
290;Szent-Györgyi Albert;1948. március 21.;Három Kossuth-díjat hódított el a szegedi orvosi kar;http://digit.bibl.u-szeged.hu/00000/00099/01948/00067/page/5.jpeg;Szeged;20,1486016;46,2546312;40-es évek
291;Szent-Györgyi Albert;1963. augusztus 14.;Dr Szent-Györgyi Albert nyilatkozata;http://digit.bibl.u-szeged.hu/00000/00099/01963/00190/page/2.jpeg;New York;-73,9865812;40,7305991;60-as évek
292;Szent-Györgyi Albert;1965. március 31.;Az amerikai közvélemény a vietnámi háború ellen;http://digit.bibl.u-szeged.hu/00000/00099/01965/00076/page/2.jpeg;New York;-73,9865812;40,7305991;60-as évek
293;Szent-Györgyi Albert;1965. április 1.;Johnson azt teszi Vietnámban;amit Goldwater javasolt - Szent-Györgyi levele a NYTimes-ban;http://digit.bibl.u-szeged.hu/00000/00099/01965/00077/page/2.jpeg;New York;-73,9865812;40,7305991;60-as évek
294;Szent-Györgyi Albert;1967. február 3.;"""Tisztelt hölgyeim és uraim!"" : Nagy Endre emlékezetére ; Liebmann B. felv.";http://digit.bibl.u-szeged.hu/00000/00099/01967/00029/dm_1967_029_006.pdf;Szeged;20,1486016;46,2546312;60-as évek
295;Szent-Györgyi Albert;1968. január 14.;Szegedi paprikából C-vitamin : története: Szent-Györgyi Albert Nobel-díjas tudós szegedi évei;http://digit.bibl.u-szeged.hu/00000/00099/01968/00011/dm_1968_011_004.pdf;Szeged;20,1486016;46,2546312;60-as évek
296;Szent-Györgyi Albert;1968. szeptember 15.;Szent-Györgyi Albert 75 éves;http://digit.bibl.u-szeged.hu/00000/00099/01968/00217/dm_1968_217_005.pdf;New York;-73,9865812;40,7305991;60-as évek
297;Szent-Györgyi Albert;1968. november 20.;Szent-Györgyi Albert nyilatkozata;http://digit.bibl.u-szeged.hu/00000/00099/01968/00272/dm_1968_272_001.pdf;New York;-73,9865812;40,7305991;60-as évek
298;Szent-Györgyi Albert;1969. december 16.;Hír Szent-Györgyirõl;http://digit.bibl.u-szeged.hu/00000/00099/01969/00291/page/4.jpeg;Budapest;19,0404707;47,4983815;60-as évek
299;Szent-Györgyi Albert;1970. február 22.;Az õrült majom : Szent-Györgyi Albert könyvérõl;http://digit.bibl.u-szeged.hu/00000/00099/01970/00045/dm_1970_045_005.pdf;New York;-73,9865812;40,7305991;70-es évek
300;Szent-Györgyi Albert;1970. március 10.;Szent-Györgyi Albert magyar felszabadulási emlékünnepségen;http://digit.bibl.u-szeged.hu/00000/00099/01970/00058/page/3.jpeg;Washington;-77,0366456;38,8949549;70-es évek
301;Szent-Györgyi Albert;1970. augusztus 20.;Színházi emlékek : [5 fénykép] / Liebmann Béla;http://digit.bibl.u-szeged.hu/00000/00099/01970/00195/dm_1970_195_009.pdf;Szeged;20,1486016;46,2546312;70-es évek
302;Szent-Györgyi Albert;1970. szeptember 13.;Betörtek Szent-Györgyi Albert laboratóriumába;http://digit.bibl.u-szeged.hu/00000/00099/01970/00215/page/12.jpeg;Woods Hole;-70,6694293;41,5239468;70-es évek
303;Szent-Györgyi Albert;1970. szeptember 15.;Szent-Györgyi rákkísérletei;http://digit.bibl.u-szeged.hu/00000/00099/01970/00216/page/3.jpeg;Woods Hole;-70,6694293;41,5239468;70-es évek
304;Szent-Györgyi Albert;1971. április 30.;Szent-Györgyi Albert a rákos megbetegedésrõl;ellenszerérõl;http://digit.bibl.u-szeged.hu/00000/00099/01971/00101/page/5.jpeg;Woods Hole;-70,6694293;41,5239468;70-es évek
305;Szent-Györgyi Albert;1971. október 10.;Szent-Györgyi Albert levele;http://digit.bibl.u-szeged.hu/00000/00099/01971/00239/page/7.jpeg;Woods Hole;-70,6694293;41,5239468;70-es évek
306;Szent-Györgyi Albert;1972. január 11.;Lesz-e élet a születés után: Szent-Györgyi Albert cikke a NYTimes-ban;http://digit.bibl.u-szeged.hu/00000/00099/01972/00008/page/2.jpeg;New York;-73,9865812;40,7305991;70-es évek
307;Szent-Györgyi Albert;1972. január 30.;Kugotowicz kontra Szent-Györgyi;http://digit.bibl.u-szeged.hu/00000/00099/01972/00025/page/8.jpeg;Szeged;20,1486016;46,2546312;70-es évek
308;Szent-Györgyi Albert;1972.október 12.;Különös tekintettel a C-vitaminra…;http://digit.bibl.u-szeged.hu/00000/00099/01972/00241/page/6.jpeg;Szeged;20,1486016;46,2546312;70-es évek
309;Szent-Györgyi Albert;1973. szeptember 16.;Szent-Györgyi Albert köszöntése;http://digit.bibl.u-szeged.hu/00000/00099/01973/00217/page/4.jpeg;Woods Hole;-70,6694293;41,5239468;70-es évek
310;Szent-Györgyi Albert;1973. szeptember 30.;Szent-Györgyi Szegeden;http://digit.bibl.u-szeged.hu/00000/00099/01973/00229/page/6.jpeg;Szeged;20,1486016;46,2546312;70-es évek
311;Szent-Györgyi Albert;1973. október 7.;Levéltári dokumentumok Szent-Györgyi Albertról;http://digit.bibl.u-szeged.hu/00000/00099/01973/00235/page/5.jpeg;Szeged;20,1486016;46,2546312;70-es évek
312;Szent-Györgyi Albert;1973. október 9.;Szent-Györgyi Albert Budapesten;http://digit.bibl.u-szeged.hu/00000/00099/01973/00236/page/3.jpeg;Budapest;19,0404707;47,4983815;70-es évek
313;Szent-Györgyi Albert;1973. október 13.;Szent-Györgyi Albert az orvosegyetem díszdoktora;http://digit.bibl.u-szeged.hu/00000/00099/01973/00240/page/3.jpeg;Szeged;20,1486016;46,2546312;70-es évek
314;Szent-Györgyi Albert;1973. október 16.;Szent-Györgyi Albert elõadása;http://digit.bibl.u-szeged.hu/00000/00099/01973/00242/page/3.jpeg;Szeged;20,1486016;46,2546312;70-es évek
315;Szent-Györgyi Albert;1974. szeptember 15.;Az egyetlen Nóbel-díj;http://digit.bibl.u-szeged.hu/00000/00099/01974/00216/page/7.jpeg;Szeged;20,1486016;46,2546312;70-es évek
316;Szent-Györgyi Albert;1975. július 12.;A rákbetegség elektromágneses elmélete: Szent - Györgyi Albert professzor elõadása;http://digit.bibl.u-szeged.hu/00000/00099/01975/00162/page/2.jpeg;New York;-73,9865812;40,7305991;70-es évek
317;Szent-Györgyi Albert;1977. október 30.;Szent-Györgyi Albert rejtvény;http://digit.bibl.u-szeged.hu/00000/00099/01977/00256/page/8.jpeg;Szeged;20,1486016;46,2546312;70-es évek
318;Szent-Györgyi Albert;1978. szeptember 17.;Szent-Györgyi Albert 85 éves;http://digit.bibl.u-szeged.hu/00000/00099/01978/00220/page/4.jpeg;Woods Hole;-70,6694293;41,5239468;70-es évek
319;Szent-Györgyi Albert;1981. szeptember 20.;Szeretettel gondolok Szegedre;http://digit.bibl.u-szeged.hu/00000/00099/01981/00221/page/5.jpeg;Woods Hole;-70,6694293;41,5239468;80-as évek
320;Szent-Györgyi Albert;1983. június 4.;Szent-Györgyi könyvei;http://digit.bibl.u-szeged.hu/00000/00099/01983/00131/page/6.jpeg;Szeged;20,1486016;46,2546312;80-as évek
321;Szent-Györgyi Albert;1983. szeptember 17.;Homo sapiens et politicus: Szent - Györgyi Albert kilencvenéves;http://digit.bibl.u-szeged.hu/00000/00099/01983/00220/page/7.jpeg;Woods Hole;-70,6694293;41,5239468;80-as évek
322;Szent-Györgyi Albert;1983. szeptember 22.;Szent-Györgyi Albert kitüntetése;http://digit.bibl.u-szeged.hu/00000/00099/01983/00224/page/5.jpeg;New York;-73,9865812;40,7305991;80-as évek
323;Szent-Györgyi Albert;1985. április 22.;Szent-Györgyi Albert köszöntése;http://digit.bibl.u-szeged.hu/00000/00099/01985/00093/page/2.jpeg;Woods Hole;-70,6694293;41,5239468;80-as évek
324;Szent-Györgyi Albert;1985. április 23.;Psalmus humanus: film Szent-Györgyi Albertrõl;http://digit.bibl.u-szeged.hu/00000/00099/01985/00094/page/5.jpeg;Szeged;20,1486016;46,2546312;80-as évek
325;Szent-Györgyi Albert;1985. szeptember 9.;Szent-Györgyi és Szeged;http://digit.bibl.u-szeged.hu/00000/00099/01985/00211/page/3.jpeg;Szeged;20,1486016;46,2546312;80-as évek
326;Szent-Györgyi Albert;1985. november 12.;Adalékok a Szent-Györgyi portréhoz;http://digit.bibl.u-szeged.hu/00000/00099/01985/00265/page/5.jpeg;Szeged;20,1486016;46,2546312;80-as évek
327;Szent-Györgyi Albert;1986. február 24.;Egy alkotó élet fénykora;http://digit.bibl.u-szeged.hu/00000/00099/01986/00046/page/1.jpeg;Szeged;20,1486016;46,2546312;80-as évek
328;Szent-Györgyi Albert;1986. február 24.;Szent-Györgyi Albert emlékezete;http://digit.bibl.u-szeged.hu/00000/00099/01986/00046/page/3.jpeg;Szeged;20,1486016;46,2546312;80-as évek
329;Szent-Györgyi Albert;1986. május 19.;Sorozat Szent Györgyi Albertrõl;http://digit.bibl.u-szeged.hu/00000/00099/01986/00116/page/5.jpeg;Szeged;20,1486016;46,2546312;80-as évek
330;Szent-Györgyi Albert;1986. május 20.;Szeged elõtt 1.rész;http://digit.bibl.u-szeged.hu/00000/00099/01986/00117/page/2.jpeg;Budapest;19,0404707;47,4983815;80-as évek
331;Szent-Györgyi Albert;1986. május 21;Kinevezés Szegedre 2.rész;http://digit.bibl.u-szeged.hu/00000/00099/01986/00118/page/2.jpeg;Szeged;20,1486016;46,2546312;80-as évek
332;Szent-Györgyi Albert;1986. május 31.;Dékán és prodékán 3.rész;http://digit.bibl.u-szeged.hu/00000/00099/01986/00127/page/2.jpeg;Szeged;20,1486016;46,2546312;80-as évek
333;Szent-Györgyi Albert;1986. június 2.;A kísérletezõ és felfedezõ tudós 10.rész;http://digit.bibl.u-szeged.hu/00000/00099/01986/00128/page/2.jpeg;Szeged;20,1486016;46,2546312;80-as évek
334;Szent-Györgyi Albert;1986. június 3.;Mi lehet a titok? 11.rész;http://digit.bibl.u-szeged.hu/00000/00099/01986/00129/page/2.jpeg;Szeged;20,1486016;46,2546312;80-as évek
335;Szent-Györgyi Albert;1986. június 4.;A Nobel-dij híre 12.rész;http://digit.bibl.u-szeged.hu/00000/00099/01986/00130/page/2.jpeg;Szeged;20,1486016;46,2546312;80-as évek
336;Szent-Györgyi Albert;1986. június 6.;Szeged város díszpolgára 14.rész;http://digit.bibl.u-szeged.hu/00000/00099/01986/00132/page/2.jpeg;Szeged;20,1486016;46,2546312;80-as évek
337;Szent-Györgyi Albert;1986. június 7.;A Nobel - díj átadása 15.rész;http://digit.bibl.u-szeged.hu/00000/00099/01986/00133/page/2.jpeg;Szeged;20,1486016;46,2546312;80-as évek
338;Szent-Györgyi Albert;1986. június 9.;Unnepel a világ 16.rész;http://digit.bibl.u-szeged.hu/00000/00099/01986/00134/page/2.jpeg;Szeged;20,1486016;46,2546312;80-as évek
339;Szent-Györgyi Albert;1986. június 11.;A szegedi egyetem díszdoktora 17.rész;http://digit.bibl.u-szeged.hu/00000/00099/01986/00136/page/2.jpeg;Szeged;20,1486016;46,2546312;80-as évek
340;Szent-Györgyi Albert;1986. június 13.;"""A legnagyobb élményem volt.."" 18.rész";http://digit.bibl.u-szeged.hu/00000/00099/01986/00138/page/2.jpeg;Szeged;20,1486016;46,2546312;80-as évek
341;Szent-Györgyi Albert;1986. június 18.;Diák-Hamlet Szegeden 22.rész;http://digit.bibl.u-szeged.hu/00000/00099/01986/00142/page/2.jpeg;Szeged;20,1486016;46,2546312;80-as évek
342;Szent-Györgyi Albert;1986. június 20.;A magyar ellenállási mozgalomban 24.rész;http://digit.bibl.u-szeged.hu/00000/00099/01986/00144/page/2.jpeg;Szeged;20,1486016;46,2546312;80-as évek
343;Szent-Györgyi Albert;1986. június 21.;Diplomáciai manõverek 25.rész;http://digit.bibl.u-szeged.hu/00000/00099/01986/00145/page/2.jpeg;Szeged;20,1486016;46,2546312;80-as évek
344;Szent-Györgyi Albert;1986. június 23.;Elvonult a vihar 26.rész;http://digit.bibl.u-szeged.hu/00000/00099/01986/00146/page/2.jpeg;Szeged;20,1486016;46,2546312;80-as évek
345;Szent-Györgyi Albert;1986. június 24.;A felszabadult országban 27.rész;http://digit.bibl.u-szeged.hu/00000/00099/01986/00147/page/2.jpeg;Szeged;20,1486016;46,2546312;80-as évek
346;Szent-Györgyi Albert;1986. június 26.;a SZOTE díszdoktora 29.rész;http://digit.bibl.u-szeged.hu/00000/00099/01986/00149/page/2.jpeg;Szeged;20,1486016;46,2546312;80-as évek
347;Szent-Györgyi Albert;1986. június 30.;Egy személyiség vonzásában;http://digit.bibl.u-szeged.hu/00000/00099/01986/00152/page/2.jpeg;Szeged;20,1486016;46,2546312;80-as évek
348;Szent-Györgyi Albert;1986. október 27.;A nagy életkutató - Meghalt Szent-Györgyi Albert;http://digit.bibl.u-szeged.hu/00000/00099/01986/00253/page/3.jpeg;New York;-73,9865812;40,7305991;80-as évek
349;Szent-Györgyi Albert;1986. december 16.;In memoriam Szent-Györgyi Albert - emlékülés Szegeden;http://digit.bibl.u-szeged.hu/00000/00099/01986/00295/page/1.jpeg;Szeged;20,1486016;46,2546312;80-as évek
;Kalmár László ;1928.március 21.;Kalmár László tanársegéd elõadása;http://digit.bibl.u-szeged.hu/00000/00099/01928/00066/page/7.jpeg;Szeged;20,1486016;46,2546312;20-as évek
;;1929. március 28.;Kutatási ösztöndíjak;http://digit.bibl.u-szeged.hu/00000/00099/01929/00071/page/6.jpeg;Szeged;20,1486016;46,2546312;20-as évek
;;1930. szeptember 14.;Leszámoló-palota közelében bútorozott szobát keresek.;http://digit.bibl.u-szeged.hu/00000/00099/01930/00208/page/20.jpeg;Szeged;;30-as évek
;;1932. szeptember 30.;Hírek. Eljegyzés;http://digit.bibl.u-szeged.hu/00000/00099/01932/00220/page/6.jpeg;Szeged;;30-as évek
